timestamp,vehicle_count,hour,day_of_week,is_weekend,is_morning,is_exam_week
2023-09-01 05:00:00,1,5,4,0,1,0
2023-09-01 06:00:00,23,6,4,0,1,0
2023-09-01 07:00:00,65,7,4,0,1,0
2023-09-01 08:00:00,79,8,4,0,1,0
2023-09-01 09:00:00,64,9,4,0,1,0
2023-09-01 10:00:00,52,10,4,0,1,0
2023-09-01 11:00:00,44,11,4,0,1,0
2023-09-01 12:00:00,49,12,4,0,0,0
2023-09-01 13:00:00,63,13,4,0,0,0
2023-09-01 14:00:00,54,14,4,0,0,0
2023-09-01 15:00:00,41,15,4,0,0,0
2023-09-01 16:00:00,34,16,4,0,0,0
2023-09-01 17:00:00,30,17,4,0,0,0
2023-09-01 18:00:00,24,18,4,0,0,0
2023-09-01 19:00:00,20,19,4,0,0,0
2023-09-01 20:00:00,16,20,4,0,0,0
2023-09-01 21:00:00,12,21,4,0,0,0
2023-09-01 22:00:00,12,22,4,0,0,0
2023-09-01 23:00:00,11,23,4,0,0,0
2023-09-02 00:00:00,10,0,5,1,1,0
2023-09-02 01:00:00,8,1,5,1,1,0
2023-09-02 02:00:00,7,2,5,1,1,0
2023-09-02 03:00:00,7,3,5,1,1,0
2023-09-02 04:00:00,6,4,5,1,1,0
2023-09-02 05:00:00,7,5,5,1,1,0
2023-09-02 06:00:00,27,6,5,1,1,0
2023-09-02 07:00:00,65,7,5,1,1,0
2023-09-02 08:00:00,81,8,5,1,1,0
2023-09-02 09:00:00,71,9,5,1,1,0
2023-09-02 10:00:00,64,10,5,1,1,0
2023-09-02 11:00:00,61,11,5,1,1,0
2023-09-02 12:00:00,71,12,5,1,0,0
2023-09-02 13:00:00,76,13,5,1,0,0
2023-09-02 14:00:00,68,14,5,1,0,0
2023-09-02 15:00:00,55,15,5,1,0,0
2023-09-02 16:00:00,44,16,5,1,0,0
2023-09-02 17:00:00,41,17,5,1,0,0
2023-09-02 18:00:00,37,18,5,1,0,0
2023-09-02 19:00:00,32,19,5,1,0,0
2023-09-02 20:00:00,27,20,5,1,0,0
2023-09-02 21:00:00,21,21,5,1,0,0
2023-09-02 22:00:00,17,22,5,1,0,0
2023-09-02 23:00:00,17,23,5,1,0,0
2023-09-03 00:00:00,17,0,6,1,1,0
2023-09-03 01:00:00,17,1,6,1,1,0
2023-09-03 02:00:00,17,2,6,1,1,0
2023-09-03 03:00:00,16,3,6,1,1,0
2023-09-03 04:00:00,14,4,6,1,1,0
2023-09-03 05:00:00,15,5,6,1,1,0
2023-09-03 06:00:00,35,6,6,1,1,0
2023-09-03 07:00:00,77,7,6,1,1,0
2023-09-03 08:00:00,87,8,6,1,1,0
2023-09-03 09:00:00,71,9,6,1,1,0
2023-09-03 10:00:00,57,10,6,1,1,0
2023-09-03 11:00:00,51,11,6,1,1,0
2023-09-03 12:00:00,65,12,6,1,0,0
2023-09-03 13:00:00,83,13,6,1,0,0
2023-09-03 14:00:00,75,14,6,1,0,0
2023-09-03 15:00:00,59,15,6,1,0,0
2023-09-03 16:00:00,47,16,6,1,0,0
2023-09-03 17:00:00,42,17,6,1,0,0
2023-09-03 18:00:00,33,18,6,1,0,0
2023-09-03 19:00:00,25,19,6,1,0,0
2023-09-03 20:00:00,23,20,6,1,0,0
2023-09-03 21:00:00,22,21,6,1,0,0
2023-09-03 22:00:00,21,22,6,1,0,0
2023-09-03 23:00:00,20,23,6,1,0,0
2023-09-04 00:00:00,20,0,0,0,1,0
2023-09-04 01:00:00,20,1,0,0,1,0
2023-09-04 02:00:00,18,2,0,0,1,0
2023-09-04 03:00:00,16,3,0,0,1,0
2023-09-04 04:00:00,15,4,0,0,1,0
2023-09-04 05:00:00,15,5,0,0,1,0
2023-09-04 06:00:00,41,6,0,0,1,0
2023-09-04 07:00:00,90,7,0,0,1,0
2023-09-04 08:00:00,109,8,0,0,1,0
2023-09-04 09:00:00,94,9,0,0,1,0
2023-09-04 10:00:00,81,10,0,0,1,0
2023-09-04 11:00:00,72,11,0,0,1,0
2023-09-04 12:00:00,71,12,0,0,0,0
2023-09-04 13:00:00,80,13,0,0,0,0
2023-09-04 14:00:00,67,14,0,0,0,0
2023-09-04 15:00:00,55,15,0,0,0,0
2023-09-04 16:00:00,47,16,0,0,0,0
2023-09-04 17:00:00,41,17,0,0,0,0
2023-09-04 18:00:00,36,18,0,0,0,0
2023-09-04 19:00:00,32,19,0,0,0,0
2023-09-04 20:00:00,27,20,0,0,0,0
2023-09-04 21:00:00,27,21,0,0,0,0
2023-09-04 22:00:00,22,22,0,0,0,0
2023-09-04 23:00:00,20,23,0,0,0,0
2023-09-05 00:00:00,20,0,1,0,1,0
2023-09-05 01:00:00,20,1,1,0,1,0
2023-09-05 02:00:00,20,2,1,0,1,0
2023-09-05 03:00:00,18,3,1,0,1,0
2023-09-05 04:00:00,15,4,1,0,1,0
2023-09-05 05:00:00,14,5,1,0,1,0
2023-09-05 06:00:00,31,6,1,0,1,0
2023-09-05 07:00:00,68,7,1,0,1,0
2023-09-05 08:00:00,78,8,1,0,1,0
2023-09-05 09:00:00,70,9,1,0,1,0
2023-09-05 10:00:00,62,10,1,0,1,0
2023-09-05 11:00:00,56,11,1,0,1,0
2023-09-05 12:00:00,61,12,1,0,0,0
2023-09-05 13:00:00,83,13,1,0,0,0
2023-09-05 14:00:00,77,14,1,0,0,0
2023-09-05 15:00:00,61,15,1,0,0,0
2023-09-05 16:00:00,52,16,1,0,0,0
2023-09-05 17:00:00,50,17,1,0,0,0
2023-09-05 18:00:00,44,18,1,0,0,0
2023-09-05 19:00:00,38,19,1,0,0,0
2023-09-05 20:00:00,33,20,1,0,0,0
2023-09-05 21:00:00,27,21,1,0,0,0
2023-09-05 22:00:00,25,22,1,0,0,0
2023-09-05 23:00:00,23,23,1,0,0,0
2023-09-06 00:00:00,21,0,2,0,1,0
2023-09-06 01:00:00,21,1,2,0,1,0
2023-09-06 02:00:00,18,2,2,0,1,0
2023-09-06 03:00:00,15,3,2,0,1,0
2023-09-06 04:00:00,15,4,2,0,1,0
2023-09-06 05:00:00,15,5,2,0,1,0
2023-09-06 06:00:00,28,6,2,0,1,0
2023-09-06 07:00:00,63,7,2,0,1,0
2023-09-06 08:00:00,81,8,2,0,1,0
2023-09-06 09:00:00,74,9,2,0,1,0
2023-09-06 10:00:00,66,10,2,0,1,0
2023-09-06 11:00:00,60,11,2,0,1,0
2023-09-06 12:00:00,69,12,2,0,0,0
2023-09-06 13:00:00,82,13,2,0,0,0
2023-09-06 14:00:00,72,14,2,0,0,0
2023-09-06 15:00:00,59,15,2,0,0,0
2023-09-06 16:00:00,48,16,2,0,0,0
2023-09-06 17:00:00,41,17,2,0,0,0
2023-09-06 18:00:00,37,18,2,0,0,0
2023-09-06 19:00:00,33,19,2,0,0,0
2023-09-06 20:00:00,30,20,2,0,0,0
2023-09-06 21:00:00,27,21,2,0,0,0
2023-09-06 22:00:00,25,22,2,0,0,0
2023-09-06 23:00:00,25,23,2,0,0,0
2023-09-07 00:00:00,24,0,3,0,1,0
2023-09-07 01:00:00,22,1,3,0,1,0
2023-09-07 02:00:00,21,2,3,0,1,0
2023-09-07 03:00:00,19,3,3,0,1,0
2023-09-07 04:00:00,19,4,3,0,1,0
2023-09-07 05:00:00,18,5,3,0,1,0
2023-09-07 06:00:00,32,6,3,0,1,0
2023-09-07 07:00:00,62,7,3,0,1,0
2023-09-07 08:00:00,77,8,3,0,1,0
2023-09-07 09:00:00,66,9,3,0,1,0
2023-09-07 10:00:00,57,10,3,0,1,0
2023-09-07 11:00:00,53,11,3,0,1,0
2023-09-07 12:00:00,59,12,3,0,0,0
2023-09-07 13:00:00,73,13,3,0,0,0
2023-09-07 14:00:00,66,14,3,0,0,0
2023-09-07 15:00:00,58,15,3,0,0,0
2023-09-07 16:00:00,52,16,3,0,0,0
2023-09-07 17:00:00,48,17,3,0,0,0
2023-09-07 18:00:00,43,18,3,0,0,0
2023-09-07 19:00:00,36,19,3,0,0,0
2023-09-07 20:00:00,31,20,3,0,0,0
2023-09-07 21:00:00,27,21,3,0,0,0
2023-09-07 22:00:00,26,22,3,0,0,0
2023-09-07 23:00:00,24,23,3,0,0,0
2023-09-08 00:00:00,24,0,4,0,1,0
2023-09-08 01:00:00,23,1,4,0,1,0
2023-09-08 02:00:00,21,2,4,0,1,0
2023-09-08 03:00:00,19,3,4,0,1,0
2023-09-08 04:00:00,18,4,4,0,1,0
2023-09-08 05:00:00,19,5,4,0,1,0
2023-09-08 06:00:00,36,6,4,0,1,0
2023-09-08 07:00:00,73,7,4,0,1,0
2023-09-08 08:00:00,87,8,4,0,1,0
2023-09-08 09:00:00,74,9,4,0,1,0
2023-09-08 10:00:00,62,10,4,0,1,0
2023-09-08 11:00:00,54,11,4,0,1,0
2023-09-08 12:00:00,66,12,4,0,0,0
2023-09-08 13:00:00,81,13,4,0,0,0
2023-09-08 14:00:00,71,14,4,0,0,0
2023-09-08 15:00:00,58,15,4,0,0,0
2023-09-08 16:00:00,49,16,4,0,0,0
2023-09-08 17:00:00,44,17,4,0,0,0
2023-09-08 18:00:00,41,18,4,0,0,0
2023-09-08 19:00:00,33,19,4,0,0,0
2023-09-08 20:00:00,26,20,4,0,0,0
2023-09-08 21:00:00,23,21,4,0,0,0
2023-09-08 22:00:00,23,22,4,0,0,0
2023-09-08 23:00:00,20,23,4,0,0,0
2023-09-09 00:00:00,19,0,5,1,1,0
2023-09-09 01:00:00,17,1,5,1,1,0
2023-09-09 02:00:00,14,2,5,1,1,0
2023-09-09 03:00:00,11,3,5,1,1,0
2023-09-09 04:00:00,10,4,5,1,1,0
2023-09-09 05:00:00,9,5,5,1,1,0
2023-09-09 06:00:00,29,6,5,1,1,0
2023-09-09 07:00:00,65,7,5,1,1,0
2023-09-09 08:00:00,83,8,5,1,1,0
2023-09-09 09:00:00,71,9,5,1,1,0
2023-09-09 10:00:00,58,10,5,1,1,0
2023-09-09 11:00:00,52,11,5,1,1,0
2023-09-09 12:00:00,68,12,5,1,0,0
2023-09-09 13:00:00,82,13,5,1,0,0
2023-09-09 14:00:00,72,14,5,1,0,0
2023-09-09 15:00:00,59,15,5,1,0,0
2023-09-09 16:00:00,51,16,5,1,0,0
2023-09-09 17:00:00,43,17,5,1,0,0
2023-09-09 18:00:00,37,18,5,1,0,0
2023-09-09 19:00:00,34,19,5,1,0,0
2023-09-09 20:00:00,28,20,5,1,0,0
2023-09-09 21:00:00,23,21,5,1,0,0
2023-09-09 22:00:00,21,22,5,1,0,0
2023-09-09 23:00:00,21,23,5,1,0,0
2023-09-10 00:00:00,19,0,6,1,1,0
2023-09-10 01:00:00,17,1,6,1,1,0
2023-09-10 02:00:00,16,2,6,1,1,0
2023-09-10 03:00:00,14,3,6,1,1,0
2023-09-10 04:00:00,14,4,6,1,1,0
2023-09-10 05:00:00,14,5,6,1,1,0
2023-09-10 06:00:00,29,6,6,1,1,0
2023-09-10 07:00:00,62,7,6,1,1,0
2023-09-10 08:00:00,78,8,6,1,1,0
2023-09-10 09:00:00,68,9,6,1,1,0
2023-09-10 10:00:00,57,10,6,1,1,0
2023-09-10 11:00:00,49,11,6,1,1,0
2023-09-10 12:00:00,56,12,6,1,0,0
2023-09-10 13:00:00,68,13,6,1,0,0
2023-09-10 14:00:00,64,14,6,1,0,0
2023-09-10 15:00:00,56,15,6,1,0,0
2023-09-10 16:00:00,48,16,6,1,0,0
2023-09-10 17:00:00,42,17,6,1,0,0
2023-09-10 18:00:00,38,18,6,1,0,0
2023-09-10 19:00:00,32,19,6,1,0,0
2023-09-10 20:00:00,27,20,6,1,0,0
2023-09-10 21:00:00,23,21,6,1,0,0
2023-09-10 22:00:00,20,22,6,1,0,0
2023-09-10 23:00:00,20,23,6,1,0,0
2023-09-11 00:00:00,18,0,0,0,1,0
2023-09-11 01:00:00,17,1,0,0,1,0
2023-09-11 02:00:00,16,2,0,0,1,0
2023-09-11 03:00:00,16,3,0,0,1,0
2023-09-11 04:00:00,16,4,0,0,1,0
2023-09-11 05:00:00,17,5,0,0,1,0
2023-09-11 06:00:00,32,6,0,0,1,0
2023-09-11 07:00:00,68,7,0,0,1,0
2023-09-11 08:00:00,83,8,0,0,1,0
2023-09-11 09:00:00,75,9,0,0,1,0
2023-09-11 10:00:00,66,10,0,0,1,0
2023-09-11 11:00:00,58,11,0,0,1,0
2023-09-11 12:00:00,63,12,0,0,0,0
2023-09-11 13:00:00,73,13,0,0,0,0
2023-09-11 14:00:00,65,14,0,0,0,0
2023-09-11 15:00:00,54,15,0,0,0,0
2023-09-11 16:00:00,47,16,0,0,0,0
2023-09-11 17:00:00,43,17,0,0,0,0
2023-09-11 18:00:00,38,18,0,0,0,0
2023-09-11 19:00:00,32,19,0,0,0,0
2023-09-11 20:00:00,26,20,0,0,0,0
2023-09-11 21:00:00,21,21,0,0,0,0
2023-09-11 22:00:00,20,22,0,0,0,0
2023-09-11 23:00:00,20,23,0,0,0,0
2023-09-12 00:00:00,18,0,1,0,1,0
2023-09-12 01:00:00,18,1,1,0,1,0
2023-09-12 02:00:00,16,2,1,0,1,0
2023-09-12 03:00:00,13,3,1,0,1,0
2023-09-12 04:00:00,12,4,1,0,1,0
2023-09-12 05:00:00,11,5,1,0,1,0
2023-09-12 06:00:00,28,6,1,0,1,0
2023-09-12 07:00:00,77,7,1,0,1,0
2023-09-12 08:00:00,99,8,1,0,1,0
2023-09-12 09:00:00,84,9,1,0,1,0
2023-09-12 10:00:00,73,10,1,0,1,0
2023-09-12 11:00:00,66,11,1,0,1,0
2023-09-12 12:00:00,76,12,1,0,0,0
2023-09-12 13:00:00,97,13,1,0,0,0
2023-09-12 14:00:00,89,14,1,0,0,0
2023-09-12 15:00:00,67,15,1,0,0,0
2023-09-12 16:00:00,52,16,1,0,0,0
2023-09-12 17:00:00,45,17,1,0,0,0
2023-09-12 18:00:00,39,18,1,0,0,0
2023-09-12 19:00:00,34,19,1,0,0,0
2023-09-12 20:00:00,28,20,1,0,0,0
2023-09-12 21:00:00,24,21,1,0,0,0
2023-09-12 22:00:00,24,22,1,0,0,0
2023-09-12 23:00:00,23,23,1,0,0,0
2023-09-13 00:00:00,23,0,2,0,1,0
2023-09-13 01:00:00,21,1,2,0,1,0
2023-09-13 02:00:00,19,2,2,0,1,0
2023-09-13 03:00:00,17,3,2,0,1,0
2023-09-13 04:00:00,15,4,2,0,1,0
2023-09-13 05:00:00,16,5,2,0,1,0
2023-09-13 06:00:00,33,6,2,0,1,0
2023-09-13 07:00:00,71,7,2,0,1,0
2023-09-13 08:00:00,84,8,2,0,1,0
2023-09-13 09:00:00,69,9,2,0,1,0
2023-09-13 10:00:00,58,10,2,0,1,0
2023-09-13 11:00:00,50,11,2,0,1,0
2023-09-13 12:00:00,63,12,2,0,0,0
2023-09-13 13:00:00,82,13,2,0,0,0
2023-09-13 14:00:00,76,14,2,0,0,0
2023-09-13 15:00:00,66,15,2,0,0,0
2023-09-13 16:00:00,58,16,2,0,0,0
2023-09-13 17:00:00,53,17,2,0,0,0
2023-09-13 18:00:00,46,18,2,0,0,0
2023-09-13 19:00:00,41,19,2,0,0,0
2023-09-13 20:00:00,35,20,2,0,0,0
2023-09-13 21:00:00,29,21,2,0,0,0
2023-09-13 22:00:00,26,22,2,0,0,0
2023-09-13 23:00:00,25,23,2,0,0,0
2023-09-14 00:00:00,25,0,3,0,1,0
2023-09-14 01:00:00,23,1,3,0,1,0
2023-09-14 02:00:00,20,2,3,0,1,0
2023-09-14 03:00:00,17,3,3,0,1,0
2023-09-14 04:00:00,15,4,3,0,1,0
2023-09-14 05:00:00,14,5,3,0,1,0
2023-09-14 06:00:00,33,6,3,0,1,0
2023-09-14 07:00:00,76,7,3,0,1,0
2023-09-14 08:00:00,87,8,3,0,1,0
2023-09-14 09:00:00,78,9,3,0,1,0
2023-09-14 10:00:00,72,10,3,0,1,0
2023-09-14 11:00:00,65,11,3,0,1,0
2023-09-14 12:00:00,69,12,3,0,0,0
2023-09-14 13:00:00,76,13,3,0,0,0
2023-09-14 14:00:00,68,14,3,0,0,0
2023-09-14 15:00:00,54,15,3,0,0,0
2023-09-14 16:00:00,45,16,3,0,0,0
2023-09-14 17:00:00,39,17,3,0,0,0
2023-09-14 18:00:00,34,18,3,0,0,0
2023-09-14 19:00:00,31,19,3,0,0,0
2023-09-14 20:00:00,28,20,3,0,0,0
2023-09-14 21:00:00,24,21,3,0,0,0
2023-09-14 22:00:00,21,22,3,0,0,0
2023-09-14 23:00:00,20,23,3,0,0,0
2023-09-15 00:00:00,17,0,4,0,1,0
2023-09-15 01:00:00,15,1,4,0,1,0
2023-09-15 02:00:00,14,2,4,0,1,0
2023-09-15 03:00:00,13,3,4,0,1,0
2023-09-15 04:00:00,11,4,4,0,1,0
2023-09-15 05:00:00,11,5,4,0,1,0
2023-09-15 06:00:00,30,6,4,0,1,0
2023-09-15 07:00:00,69,7,4,0,1,0
2023-09-15 08:00:00,87,8,4,0,1,0
2023-09-15 09:00:00,76,9,4,0,1,0
2023-09-15 10:00:00,66,10,4,0,1,0
2023-09-15 11:00:00,53,11,4,0,1,0
2023-09-15 12:00:00,59,12,4,0,0,0
2023-09-15 13:00:00,73,13,4,0,0,0
2023-09-15 14:00:00,65,14,4,0,0,0
2023-09-15 15:00:00,52,15,4,0,0,0
2023-09-15 16:00:00,42,16,4,0,0,0
2023-09-15 17:00:00,36,17,4,0,0,0
2023-09-15 18:00:00,31,18,4,0,0,0
2023-09-15 19:00:00,24,19,4,0,0,0
2023-09-15 20:00:00,24,20,4,0,0,0
2023-09-15 21:00:00,18,21,4,0,0,0
2023-09-15 22:00:00,16,22,4,0,0,0
2023-09-15 23:00:00,16,23,4,0,0,0
2023-09-16 00:00:00,16,0,5,1,1,0
2023-09-16 01:00:00,15,1,5,1,1,0
2023-09-16 02:00:00,14,2,5,1,1,0
2023-09-16 03:00:00,13,3,5,1,1,0
2023-09-16 04:00:00,13,4,5,1,1,0
2023-09-16 05:00:00,12,5,5,1,1,0
2023-09-16 06:00:00,36,6,5,1,1,0
2023-09-16 07:00:00,79,7,5,1,1,0
2023-09-16 08:00:00,92,8,5,1,1,0
2023-09-16 09:00:00,80,9,5,1,1,0
2023-09-16 10:00:00,68,10,5,1,1,0
2023-09-16 11:00:00,62,11,5,1,1,0
2023-09-16 12:00:00,72,12,5,1,0,0
2023-09-16 13:00:00,85,13,5,1,0,0
2023-09-16 14:00:00,70,14,5,1,0,0
2023-09-16 15:00:00,53,15,5,1,0,0
2023-09-16 16:00:00,44,16,5,1,0,0
2023-09-16 17:00:00,40,17,5,1,0,0
2023-09-16 18:00:00,35,18,5,1,0,0
2023-09-16 19:00:00,29,19,5,1,0,0
2023-09-16 20:00:00,23,20,5,1,0,0
2023-09-16 21:00:00,21,21,5,1,0,0
2023-09-16 22:00:00,20,22,5,1,0,0
2023-09-16 23:00:00,19,23,5,1,0,0
2023-09-17 00:00:00,19,0,6,1,1,0
2023-09-17 01:00:00,18,1,6,1,1,0
2023-09-17 02:00:00,18,2,6,1,1,0
2023-09-17 03:00:00,15,3,6,1,1,0
2023-09-17 04:00:00,13,4,6,1,1,0
2023-09-17 05:00:00,13,5,6,1,1,0
2023-09-17 06:00:00,37,6,6,1,1,0
2023-09-17 07:00:00,79,7,6,1,1,0
2023-09-17 08:00:00,90,8,6,1,1,0
2023-09-17 09:00:00,79,9,6,1,1,0
2023-09-17 10:00:00,70,10,6,1,1,0
2023-09-17 11:00:00,61,11,6,1,1,0
2023-09-17 12:00:00,73,12,6,1,0,0
2023-09-17 13:00:00,87,13,6,1,0,0
2023-09-17 14:00:00,72,14,6,1,0,0
2023-09-17 15:00:00,59,15,6,1,0,0
2023-09-17 16:00:00,53,16,6,1,0,0
2023-09-17 17:00:00,50,17,6,1,0,0
2023-09-17 18:00:00,45,18,6,1,0,0
2023-09-17 19:00:00,39,19,6,1,0,0
2023-09-17 20:00:00,35,20,6,1,0,0
2023-09-17 21:00:00,29,21,6,1,0,0
2023-09-17 22:00:00,25,22,6,1,0,0
2023-09-17 23:00:00,24,23,6,1,0,0
2023-09-18 00:00:00,23,0,0,0,1,0
2023-09-18 01:00:00,23,1,0,0,1,0
2023-09-18 02:00:00,21,2,0,0,1,0
2023-09-18 03:00:00,19,3,0,0,1,0
2023-09-18 04:00:00,18,4,0,0,1,0
2023-09-18 05:00:00,16,5,0,0,1,0
2023-09-18 06:00:00,37,6,0,0,1,0
2023-09-18 07:00:00,72,7,0,0,1,0
2023-09-18 08:00:00,78,8,0,0,1,0
2023-09-18 09:00:00,68,9,0,0,1,0
2023-09-18 10:00:00,59,10,0,0,1,0
2023-09-18 11:00:00,48,11,0,0,1,0
2023-09-18 12:00:00,60,12,0,0,0,0
2023-09-18 13:00:00,86,13,0,0,0,0
2023-09-18 14:00:00,74,14,0,0,0,0
2023-09-18 15:00:00,63,15,0,0,0,0
2023-09-18 16:00:00,56,16,0,0,0,0
2023-09-18 17:00:00,48,17,0,0,0,0
2023-09-18 18:00:00,42,18,0,0,0,0
2023-09-18 19:00:00,35,19,0,0,0,0
2023-09-18 20:00:00,29,20,0,0,0,0
2023-09-18 21:00:00,23,21,0,0,0,0
2023-09-18 22:00:00,23,22,0,0,0,0
2023-09-18 23:00:00,23,23,0,0,0,0
2023-09-19 00:00:00,19,0,1,0,1,0
2023-09-19 01:00:00,18,1,1,0,1,0
2023-09-19 02:00:00,16,2,1,0,1,0
2023-09-19 03:00:00,16,3,1,0,1,0
2023-09-19 04:00:00,13,4,1,0,1,0
2023-09-19 05:00:00,12,5,1,0,1,0
2023-09-19 06:00:00,28,6,1,0,1,0
2023-09-19 07:00:00,61,7,1,0,1,0
2023-09-19 08:00:00,76,8,1,0,1,0
2023-09-19 09:00:00,67,9,1,0,1,0
2023-09-19 10:00:00,56,10,1,0,1,0
2023-09-19 11:00:00,44,11,1,0,1,0
2023-09-19 12:00:00,55,12,1,0,0,0
2023-09-19 13:00:00,73,13,1,0,0,0
2023-09-19 14:00:00,68,14,1,0,0,0
2023-09-19 15:00:00,58,15,1,0,0,0
2023-09-19 16:00:00,49,16,1,0,0,0
2023-09-19 17:00:00,44,17,1,0,0,0
2023-09-19 18:00:00,40,18,1,0,0,0
2023-09-19 19:00:00,37,19,1,0,0,0
2023-09-19 20:00:00,32,20,1,0,0,0
2023-09-19 21:00:00,27,21,1,0,0,0
2023-09-19 22:00:00,24,22,1,0,0,0
2023-09-19 23:00:00,24,23,1,0,0,0
2023-09-20 00:00:00,23,0,2,0,1,0
2023-09-20 01:00:00,21,1,2,0,1,0
2023-09-20 02:00:00,20,2,2,0,1,0
2023-09-20 03:00:00,18,3,2,0,1,0
2023-09-20 04:00:00,16,4,2,0,1,0
2023-09-20 05:00:00,17,5,2,0,1,0
2023-09-20 06:00:00,39,6,2,0,1,0
2023-09-20 07:00:00,77,7,2,0,1,0
2023-09-20 08:00:00,91,8,2,0,1,0
2023-09-20 09:00:00,78,9,2,0,1,0
2023-09-20 10:00:00,69,10,2,0,1,0
2023-09-20 11:00:00,62,11,2,0,1,0
2023-09-20 12:00:00,72,12,2,0,0,0
2023-09-20 13:00:00,88,13,2,0,0,0
2023-09-20 14:00:00,79,14,2,0,0,0
2023-09-20 15:00:00,66,15,2,0,0,0
2023-09-20 16:00:00,58,16,2,0,0,0
2023-09-20 17:00:00,52,17,2,0,0,0
2023-09-20 18:00:00,45,18,2,0,0,0
2023-09-20 19:00:00,38,19,2,0,0,0
2023-09-20 20:00:00,31,20,2,0,0,0
2023-09-20 21:00:00,25,21,2,0,0,0
2023-09-20 22:00:00,21,22,2,0,0,0
2023-09-20 23:00:00,20,23,2,0,0,0
2023-09-21 00:00:00,18,0,3,0,1,0
2023-09-21 01:00:00,18,1,3,0,1,0
2023-09-21 02:00:00,17,2,3,0,1,0
2023-09-21 03:00:00,16,3,3,0,1,0
2023-09-21 04:00:00,14,4,3,0,1,0
2023-09-21 05:00:00,11,5,3,0,1,0
2023-09-21 06:00:00,27,6,3,0,1,0
2023-09-21 07:00:00,63,7,3,0,1,0
2023-09-21 08:00:00,79,8,3,0,1,0
2023-09-21 09:00:00,68,9,3,0,1,0
2023-09-21 10:00:00,58,10,3,0,1,0
2023-09-21 11:00:00,49,11,3,0,1,0
2023-09-21 12:00:00,59,12,3,0,0,0
2023-09-21 13:00:00,75,13,3,0,0,0
2023-09-21 14:00:00,70,14,3,0,0,0
2023-09-21 15:00:00,59,15,3,0,0,0
2023-09-21 16:00:00,48,16,3,0,0,0
2023-09-21 17:00:00,39,17,3,0,0,0
2023-09-21 18:00:00,35,18,3,0,0,0
2023-09-21 19:00:00,30,19,3,0,0,0
2023-09-21 20:00:00,25,20,3,0,0,0
2023-09-21 21:00:00,21,21,3,0,0,0
2023-09-21 22:00:00,18,22,3,0,0,0
2023-09-21 23:00:00,17,23,3,0,0,0
2023-09-22 00:00:00,15,0,4,0,1,0
2023-09-22 01:00:00,13,1,4,0,1,0
2023-09-22 02:00:00,10,2,4,0,1,0
2023-09-22 03:00:00,8,3,4,0,1,0
2023-09-22 04:00:00,6,4,4,0,1,0
2023-09-22 05:00:00,9,5,4,0,1,0
2023-09-22 06:00:00,44,6,4,0,1,0
2023-09-22 07:00:00,95,7,4,0,1,0
2023-09-22 08:00:00,108,8,4,0,1,0
2023-09-22 09:00:00,92,9,4,0,1,0
2023-09-22 10:00:00,79,10,4,0,1,0
2023-09-22 11:00:00,71,11,4,0,1,0
2023-09-22 12:00:00,70,12,4,0,0,0
2023-09-22 13:00:00,85,13,4,0,0,0
2023-09-22 14:00:00,74,14,4,0,0,0
2023-09-22 15:00:00,59,15,4,0,0,0
2023-09-22 16:00:00,51,16,4,0,0,0
2023-09-22 17:00:00,48,17,4,0,0,0
2023-09-22 18:00:00,44,18,4,0,0,0
2023-09-22 19:00:00,37,19,4,0,0,0
2023-09-22 20:00:00,30,20,4,0,0,0
2023-09-22 21:00:00,24,21,4,0,0,0
2023-09-22 22:00:00,20,22,4,0,0,0
2023-09-22 23:00:00,18,23,4,0,0,0
2023-09-23 00:00:00,17,0,5,1,1,0
2023-09-23 01:00:00,16,1,5,1,1,0
2023-09-23 02:00:00,15,2,5,1,1,0
2023-09-23 03:00:00,14,3,5,1,1,0
2023-09-23 04:00:00,13,4,5,1,1,0
2023-09-23 05:00:00,14,5,5,1,1,0
2023-09-23 06:00:00,33,6,5,1,1,0
2023-09-23 07:00:00,73,7,5,1,1,0
2023-09-23 08:00:00,86,8,5,1,1,0
2023-09-23 09:00:00,76,9,5,1,1,0
2023-09-23 10:00:00,68,10,5,1,1,0
2023-09-23 11:00:00,61,11,5,1,1,0
2023-09-23 12:00:00,70,12,5,1,0,0
2023-09-23 13:00:00,85,13,5,1,0,0
2023-09-23 14:00:00,74,14,5,1,0,0
2023-09-23 15:00:00,58,15,5,1,0,0
2023-09-23 16:00:00,58,16,5,1,0,0
2023-09-23 17:00:00,48,17,5,1,0,0
2023-09-23 18:00:00,43,18,5,1,0,0
2023-09-23 19:00:00,37,19,5,1,0,0
2023-09-23 20:00:00,31,20,5,1,0,0
2023-09-23 21:00:00,26,21,5,1,0,0
2023-09-23 22:00:00,23,22,5,1,0,0
2023-09-23 23:00:00,23,23,5,1,0,0
2023-09-24 00:00:00,23,0,6,1,1,0
2023-09-24 01:00:00,23,1,6,1,1,0
2023-09-24 02:00:00,20,2,6,1,1,0
2023-09-24 03:00:00,19,3,6,1,1,0
2023-09-24 04:00:00,17,4,6,1,1,0
2023-09-24 05:00:00,17,5,6,1,1,0
2023-09-24 06:00:00,38,6,6,1,1,0
2023-09-24 07:00:00,74,7,6,1,1,0
2023-09-24 08:00:00,80,8,6,1,1,0
2023-09-24 09:00:00,69,9,6,1,1,0
2023-09-24 10:00:00,62,10,6,1,1,0
2023-09-24 11:00:00,52,11,6,1,1,0
2023-09-24 12:00:00,60,12,6,1,0,0
2023-09-24 13:00:00,73,13,6,1,0,0
2023-09-24 14:00:00,66,14,6,1,0,0
2023-09-24 15:00:00,56,15,6,1,0,0
2023-09-24 16:00:00,46,16,6,1,0,0
2023-09-24 17:00:00,39,17,6,1,0,0
2023-09-24 18:00:00,34,18,6,1,0,0
2023-09-24 19:00:00,30,19,6,1,0,0
2023-09-24 20:00:00,26,20,6,1,0,0
2023-09-24 21:00:00,21,21,6,1,0,0
2023-09-24 22:00:00,21,22,6,1,0,0
2023-09-24 23:00:00,18,23,6,1,0,0
2023-09-25 00:00:00,18,0,0,0,1,0
2023-09-25 01:00:00,16,1,0,0,1,0
2023-09-25 02:00:00,14,2,0,0,1,0
2023-09-25 03:00:00,12,3,0,0,1,0
2023-09-25 04:00:00,9,4,0,0,1,0
2023-09-25 05:00:00,9,5,0,0,1,0
2023-09-25 06:00:00,23,6,0,0,1,0
2023-09-25 07:00:00,59,7,0,0,1,0
2023-09-25 08:00:00,73,8,0,0,1,0
2023-09-25 09:00:00,64,9,0,0,1,0
2023-09-25 10:00:00,55,10,0,0,1,0
2023-09-25 11:00:00,47,11,0,0,1,0
2023-09-25 12:00:00,52,12,0,0,0,0
2023-09-25 13:00:00,69,13,0,0,0,0
2023-09-25 14:00:00,69,14,0,0,0,0
2023-09-25 15:00:00,58,15,0,0,0,0
2023-09-25 16:00:00,50,16,0,0,0,0
2023-09-25 17:00:00,45,17,0,0,0,0
2023-09-25 18:00:00,39,18,0,0,0,0
2023-09-25 19:00:00,32,19,0,0,0,0
2023-09-25 20:00:00,24,20,0,0,0,0
2023-09-25 21:00:00,19,21,0,0,0,0
2023-09-25 22:00:00,16,22,0,0,0,0
2023-09-25 23:00:00,15,23,0,0,0,0
2023-09-26 00:00:00,14,0,1,0,1,0
2023-09-26 01:00:00,13,1,1,0,1,0
2023-09-26 02:00:00,13,2,1,0,1,0
2023-09-26 03:00:00,12,3,1,0,1,0
2023-09-26 04:00:00,10,4,1,0,1,0
2023-09-26 05:00:00,11,5,1,0,1,0
2023-09-26 06:00:00,34,6,1,0,1,0
2023-09-26 07:00:00,84,7,1,0,1,0
2023-09-26 08:00:00,98,8,1,0,1,0
2023-09-26 09:00:00,81,9,1,0,1,0
2023-09-26 10:00:00,68,10,1,0,1,0
2023-09-26 11:00:00,59,11,1,0,1,0
2023-09-26 12:00:00,62,12,1,0,0,0
2023-09-26 13:00:00,73,13,1,0,0,0
2023-09-26 14:00:00,63,14,1,0,0,0
2023-09-26 15:00:00,49,15,1,0,0,0
2023-09-26 16:00:00,36,16,1,0,0,0
2023-09-26 17:00:00,30,17,1,0,0,0
2023-09-26 18:00:00,27,18,1,0,0,0
2023-09-26 19:00:00,24,19,1,0,0,0
2023-09-26 20:00:00,21,20,1,0,0,0
2023-09-26 21:00:00,19,21,1,0,0,0
2023-09-26 22:00:00,17,22,1,0,0,0
2023-09-26 23:00:00,17,23,1,0,0,0
2023-09-27 00:00:00,17,0,2,0,1,0
2023-09-27 01:00:00,15,1,2,0,1,0
2023-09-27 02:00:00,15,2,2,0,1,0
2023-09-27 03:00:00,15,3,2,0,1,0
2023-09-27 04:00:00,13,4,2,0,1,0
2023-09-27 05:00:00,13,5,2,0,1,0
2023-09-27 06:00:00,35,6,2,0,1,0
2023-09-27 07:00:00,75,7,2,0,1,0
2023-09-27 08:00:00,81,8,2,0,1,0
2023-09-27 09:00:00,68,9,2,0,1,0
2023-09-27 10:00:00,61,10,2,0,1,0
2023-09-27 11:00:00,55,11,2,0,1,0
2023-09-27 12:00:00,56,12,2,0,0,0
2023-09-27 13:00:00,62,13,2,0,0,0
2023-09-27 14:00:00,54,14,2,0,0,0
2023-09-27 15:00:00,42,15,2,0,0,0
2023-09-27 16:00:00,36,16,2,0,0,0
2023-09-27 17:00:00,31,17,2,0,0,0
2023-09-27 18:00:00,27,18,2,0,0,0
2023-09-27 19:00:00,27,19,2,0,0,0
2023-09-27 20:00:00,25,20,2,0,0,0
2023-09-27 21:00:00,22,21,2,0,0,0
2023-09-27 22:00:00,22,22,2,0,0,0
2023-09-27 23:00:00,22,23,2,0,0,0
2023-09-28 00:00:00,20,0,3,0,1,0
2023-09-28 01:00:00,18,1,3,0,1,0
2023-09-28 02:00:00,17,2,3,0,1,0
2023-09-28 03:00:00,16,3,3,0,1,0
2023-09-28 04:00:00,15,4,3,0,1,0
2023-09-28 05:00:00,16,5,3,0,1,0
2023-09-28 06:00:00,42,6,3,0,1,0
2023-09-28 07:00:00,80,7,3,0,1,0
2023-09-28 08:00:00,90,8,3,0,1,0
2023-09-28 09:00:00,79,9,3,0,1,0
2023-09-28 10:00:00,71,10,3,0,1,0
2023-09-28 11:00:00,67,11,3,0,1,0
2023-09-28 12:00:00,66,12,3,0,0,0
2023-09-28 13:00:00,77,13,3,0,0,0
2023-09-28 14:00:00,72,14,3,0,0,0
2023-09-28 15:00:00,58,15,3,0,0,0
2023-09-28 16:00:00,50,16,3,0,0,0
2023-09-28 17:00:00,47,17,3,0,0,0
2023-09-28 18:00:00,39,18,3,0,0,0
2023-09-28 19:00:00,32,19,3,0,0,0
2023-09-28 20:00:00,27,20,3,0,0,0
2023-09-28 21:00:00,24,21,3,0,0,0
2023-09-28 22:00:00,21,22,3,0,0,0
2023-09-28 23:00:00,20,23,3,0,0,0
2023-09-29 00:00:00,18,0,4,0,1,0
2023-09-29 01:00:00,18,1,4,0,1,0
2023-09-29 02:00:00,18,2,4,0,1,0
2023-09-29 03:00:00,16,3,4,0,1,0
2023-09-29 04:00:00,16,4,4,0,1,0
2023-09-29 05:00:00,14,5,4,0,1,0
2023-09-29 06:00:00,34,6,4,0,1,0
2023-09-29 07:00:00,74,7,4,0,1,0
2023-09-29 08:00:00,82,8,4,0,1,0
2023-09-29 09:00:00,71,9,4,0,1,0
2023-09-29 10:00:00,63,10,4,0,1,0
2023-09-29 11:00:00,56,11,4,0,1,0
2023-09-29 12:00:00,65,12,4,0,0,0
2023-09-29 13:00:00,84,13,4,0,0,0
2023-09-29 14:00:00,76,14,4,0,0,0
2023-09-29 15:00:00,64,15,4,0,0,0
2023-09-29 16:00:00,55,16,4,0,0,0
2023-09-29 17:00:00,48,17,4,0,0,0
2023-09-29 18:00:00,44,18,4,0,0,0
2023-09-29 19:00:00,42,19,4,0,0,0
2023-09-29 20:00:00,38,20,4,0,0,0
2023-09-29 21:00:00,29,21,4,0,0,0
2023-09-29 22:00:00,29,22,4,0,0,0
2023-09-29 23:00:00,22,23,4,0,0,0
2023-09-30 00:00:00,22,0,5,1,1,0
2023-09-30 01:00:00,22,1,5,1,1,0
2023-09-30 02:00:00,19,2,5,1,1,0
2023-09-30 03:00:00,17,3,5,1,1,0
2023-09-30 04:00:00,17,4,5,1,1,0
2023-09-30 05:00:00,19,5,5,1,1,0
2023-09-30 06:00:00,33,6,5,1,1,0
2023-09-30 07:00:00,63,7,5,1,1,0
2023-09-30 08:00:00,76,8,5,1,1,0
2023-09-30 09:00:00,69,9,5,1,1,0
2023-09-30 10:00:00,60,10,5,1,1,0
2023-09-30 11:00:00,52,11,5,1,1,0
2023-09-30 12:00:00,60,12,5,1,0,0
2023-09-30 13:00:00,67,13,5,1,0,0
2023-09-30 14:00:00,55,14,5,1,0,0
2023-09-30 15:00:00,44,15,5,1,0,0
2023-09-30 16:00:00,38,16,5,1,0,0
2023-09-30 17:00:00,34,17,5,1,0,0
2023-09-30 18:00:00,30,18,5,1,0,0
2023-09-30 19:00:00,24,19,5,1,0,0
2023-09-30 20:00:00,20,20,5,1,0,0
2023-09-30 21:00:00,18,21,5,1,0,0
2023-09-30 22:00:00,15,22,5,1,0,0
2023-09-30 23:00:00,13,23,5,1,0,0
2023-10-01 00:00:00,13,0,6,1,1,0
2023-10-01 01:00:00,13,1,6,1,1,0
2023-10-01 02:00:00,13,2,6,1,1,0
2023-10-01 03:00:00,13,3,6,1,1,0
2023-10-01 04:00:00,11,4,6,1,1,0
2023-10-01 05:00:00,11,5,6,1,1,0
2023-10-01 06:00:00,39,6,6,1,1,0
2023-10-01 07:00:00,92,7,6,1,1,0
2023-10-01 08:00:00,105,8,6,1,1,0
2023-10-01 09:00:00,89,9,6,1,1,0
2023-10-01 10:00:00,75,10,6,1,1,0
2023-10-01 11:00:00,65,11,6,1,1,0
2023-10-01 12:00:00,72,12,6,1,0,0
2023-10-01 13:00:00,92,13,6,1,0,0
2023-10-01 14:00:00,81,14,6,1,0,0
2023-10-01 15:00:00,62,15,6,1,0,0
2023-10-01 16:00:00,46,16,6,1,0,0
2023-10-01 17:00:00,39,17,6,1,0,0
2023-10-01 18:00:00,35,18,6,1,0,0
2023-10-01 19:00:00,31,19,6,1,0,0
2023-10-01 20:00:00,26,20,6,1,0,0
2023-10-01 21:00:00,20,21,6,1,0,0
2023-10-01 22:00:00,15,22,6,1,0,0
2023-10-01 23:00:00,15,23,6,1,0,0
2023-10-02 00:00:00,15,0,0,0,1,0
2023-10-02 01:00:00,12,1,0,0,1,0
2023-10-02 02:00:00,10,2,0,0,1,0
2023-10-02 03:00:00,10,3,0,0,1,0
2023-10-02 04:00:00,10,4,0,0,1,0
2023-10-02 05:00:00,9,5,0,0,1,0
2023-10-02 06:00:00,29,6,0,0,1,0
2023-10-02 07:00:00,72,7,0,0,1,0
2023-10-02 08:00:00,89,8,0,0,1,0
2023-10-02 09:00:00,76,9,0,0,1,0
2023-10-02 10:00:00,63,10,0,0,1,0
2023-10-02 11:00:00,51,11,0,0,1,0
2023-10-02 12:00:00,61,12,0,0,0,0
2023-10-02 13:00:00,79,13,0,0,0,0
2023-10-02 14:00:00,73,14,0,0,0,0
2023-10-02 15:00:00,58,15,0,0,0,0
2023-10-02 16:00:00,48,16,0,0,0,0
2023-10-02 17:00:00,46,17,0,0,0,0
2023-10-02 18:00:00,41,18,0,0,0,0
2023-10-02 19:00:00,35,19,0,0,0,0
2023-10-02 20:00:00,28,20,0,0,0,0
2023-10-02 21:00:00,23,21,0,0,0,0
2023-10-02 22:00:00,20,22,0,0,0,0
2023-10-02 23:00:00,20,23,0,0,0,0
2023-10-03 00:00:00,20,0,1,0,1,0
2023-10-03 01:00:00,18,1,1,0,1,0
2023-10-03 02:00:00,14,2,1,0,1,0
2023-10-03 03:00:00,11,3,1,0,1,0
2023-10-03 04:00:00,11,4,1,0,1,0
2023-10-03 05:00:00,12,5,1,0,1,0
2023-10-03 06:00:00,27,6,1,0,1,0
2023-10-03 07:00:00,61,7,1,0,1,0
2023-10-03 08:00:00,75,8,1,0,1,0
2023-10-03 09:00:00,63,9,1,0,1,0
2023-10-03 10:00:00,54,10,1,0,1,0
2023-10-03 11:00:00,52,11,1,0,1,0
2023-10-03 12:00:00,56,12,1,0,0,0
2023-10-03 13:00:00,77,13,1,0,0,0
2023-10-03 14:00:00,73,14,1,0,0,0
2023-10-03 15:00:00,63,15,1,0,0,0
2023-10-03 16:00:00,52,16,1,0,0,0
2023-10-03 17:00:00,44,17,1,0,0,0
2023-10-03 18:00:00,39,18,1,0,0,0
2023-10-03 19:00:00,32,19,1,0,0,0
2023-10-03 20:00:00,25,20,1,0,0,0
2023-10-03 21:00:00,19,21,1,0,0,0
2023-10-03 22:00:00,19,22,1,0,0,0
2023-10-03 23:00:00,16,23,1,0,0,0
2023-10-04 00:00:00,16,0,2,0,1,0
2023-10-04 01:00:00,15,1,2,0,1,0
2023-10-04 02:00:00,14,2,2,0,1,0
2023-10-04 03:00:00,13,3,2,0,1,0
2023-10-04 04:00:00,12,4,2,0,1,0
2023-10-04 05:00:00,12,5,2,0,1,0
2023-10-04 06:00:00,29,6,2,0,1,0
2023-10-04 07:00:00,61,7,2,0,1,0
2023-10-04 08:00:00,75,8,2,0,1,0
2023-10-04 09:00:00,68,9,2,0,1,0
2023-10-04 10:00:00,59,10,2,0,1,0
2023-10-04 11:00:00,52,11,2,0,1,0
2023-10-04 12:00:00,59,12,2,0,0,0
2023-10-04 13:00:00,67,13,2,0,0,0
2023-10-04 14:00:00,57,14,2,0,0,0
2023-10-04 15:00:00,46,15,2,0,0,0
2023-10-04 16:00:00,41,16,2,0,0,0
2023-10-04 17:00:00,37,17,2,0,0,0
2023-10-04 18:00:00,32,18,2,0,0,0
2023-10-04 19:00:00,28,19,2,0,0,0
2023-10-04 20:00:00,23,20,2,0,0,0
2023-10-04 21:00:00,18,21,2,0,0,0
2023-10-04 22:00:00,14,22,2,0,0,0
2023-10-04 23:00:00,13,23,2,0,0,0
2023-10-05 00:00:00,13,0,3,0,1,0
2023-10-05 01:00:00,10,1,3,0,1,0
2023-10-05 02:00:00,8,2,3,0,1,0
2023-10-05 03:00:00,8,3,3,0,1,0
2023-10-05 04:00:00,8,4,3,0,1,0
2023-10-05 05:00:00,9,5,3,0,1,0
2023-10-05 06:00:00,30,6,3,0,1,0
2023-10-05 07:00:00,72,7,3,0,1,0
2023-10-05 08:00:00,89,8,3,0,1,0
2023-10-05 09:00:00,77,9,3,0,1,0
2023-10-05 10:00:00,68,10,3,0,1,0
2023-10-05 11:00:00,60,11,3,0,1,0
2023-10-05 12:00:00,66,12,3,0,0,0
2023-10-05 13:00:00,80,13,3,0,0,0
2023-10-05 14:00:00,66,14,3,0,0,0
2023-10-05 15:00:00,46,15,3,0,0,0
2023-10-05 16:00:00,35,16,3,0,0,0
2023-10-05 17:00:00,30,17,3,0,0,0
2023-10-05 18:00:00,26,18,3,0,0,0
2023-10-05 19:00:00,22,19,3,0,0,0
2023-10-05 20:00:00,18,20,3,0,0,0
2023-10-05 21:00:00,14,21,3,0,0,0
2023-10-05 22:00:00,14,22,3,0,0,0
2023-10-05 23:00:00,14,23,3,0,0,0
2023-10-06 00:00:00,10,0,4,0,1,0
2023-10-06 01:00:00,10,1,4,0,1,0
2023-10-06 02:00:00,10,2,4,0,1,0
2023-10-06 03:00:00,10,3,4,0,1,0
2023-10-06 04:00:00,8,4,4,0,1,0
2023-10-06 05:00:00,9,5,4,0,1,0
2023-10-06 06:00:00,26,6,4,0,1,0
2023-10-06 07:00:00,64,7,4,0,1,0
2023-10-06 08:00:00,76,8,4,0,1,0
2023-10-06 09:00:00,63,9,4,0,1,0
2023-10-06 10:00:00,56,10,4,0,1,0
2023-10-06 11:00:00,52,11,4,0,1,0
2023-10-06 12:00:00,58,12,4,0,0,0
2023-10-06 13:00:00,76,13,4,0,0,0
2023-10-06 14:00:00,65,14,4,0,0,0
2023-10-06 15:00:00,51,15,4,0,0,0
2023-10-06 16:00:00,41,16,4,0,0,0
2023-10-06 17:00:00,36,17,4,0,0,0
2023-10-06 18:00:00,31,18,4,0,0,0
2023-10-06 19:00:00,26,19,4,0,0,0
2023-10-06 20:00:00,22,20,4,0,0,0
2023-10-06 21:00:00,17,21,4,0,0,0
2023-10-06 22:00:00,17,22,4,0,0,0
2023-10-06 23:00:00,17,23,4,0,0,0
2023-10-07 00:00:00,13,0,5,1,1,0
2023-10-07 01:00:00,13,1,5,1,1,0
2023-10-07 02:00:00,12,2,5,1,1,0
2023-10-07 03:00:00,12,3,5,1,1,0
2023-10-07 04:00:00,10,4,5,1,1,0
2023-10-07 05:00:00,11,5,5,1,1,0
2023-10-07 06:00:00,29,6,5,1,1,0
2023-10-07 07:00:00,65,7,5,1,1,0
2023-10-07 08:00:00,78,8,5,1,1,0
2023-10-07 09:00:00,69,9,5,1,1,0
2023-10-07 10:00:00,59,10,5,1,1,0
2023-10-07 11:00:00,51,11,5,1,1,0
2023-10-07 12:00:00,59,12,5,1,0,0
2023-10-07 13:00:00,68,13,5,1,0,0
2023-10-07 14:00:00,62,14,5,1,0,0
2023-10-07 15:00:00,53,15,5,1,0,0
2023-10-07 16:00:00,47,16,5,1,0,0
2023-10-07 17:00:00,42,17,5,1,0,0
2023-10-07 18:00:00,38,18,5,1,0,0
2023-10-07 19:00:00,34,19,5,1,0,0
2023-10-07 20:00:00,29,20,5,1,0,0
2023-10-07 21:00:00,25,21,5,1,0,0
2023-10-07 22:00:00,25,22,5,1,0,0
2023-10-07 23:00:00,22,23,5,1,0,0
2023-10-08 00:00:00,20,0,6,1,1,0
2023-10-08 01:00:00,18,1,6,1,1,0
2023-10-08 02:00:00,17,2,6,1,1,0
2023-10-08 03:00:00,16,3,6,1,1,0
2023-10-08 04:00:00,15,4,6,1,1,0
2023-10-08 05:00:00,14,5,6,1,1,0
2023-10-08 06:00:00,29,6,6,1,1,0
2023-10-08 07:00:00,65,7,6,1,1,0
2023-10-08 08:00:00,83,8,6,1,1,0
2023-10-08 09:00:00,71,9,6,1,1,0
2023-10-08 10:00:00,59,10,6,1,1,0
2023-10-08 11:00:00,51,11,6,1,1,0
2023-10-08 12:00:00,64,12,6,1,0,0
2023-10-08 13:00:00,84,13,6,1,0,0
2023-10-08 14:00:00,76,14,6,1,0,0
2023-10-08 15:00:00,62,15,6,1,0,0
2023-10-08 16:00:00,51,16,6,1,0,0
2023-10-08 17:00:00,44,17,6,1,0,0
2023-10-08 18:00:00,37,18,6,1,0,0
2023-10-08 19:00:00,30,19,6,1,0,0
2023-10-08 20:00:00,25,20,6,1,0,0
2023-10-08 21:00:00,21,21,6,1,0,0
2023-10-08 22:00:00,21,22,6,1,0,0
2023-10-08 23:00:00,21,23,6,1,0,0
2023-10-09 00:00:00,20,0,0,0,1,0
2023-10-09 01:00:00,18,1,0,0,1,0
2023-10-09 02:00:00,18,2,0,0,1,0
2023-10-09 03:00:00,16,3,0,0,1,0
2023-10-09 04:00:00,15,4,0,0,1,0
2023-10-09 05:00:00,14,5,0,0,1,0
2023-10-09 06:00:00,34,6,0,0,1,0
2023-10-09 07:00:00,72,7,0,0,1,0
2023-10-09 08:00:00,80,8,0,0,1,0
2023-10-09 09:00:00,73,9,0,0,1,0
2023-10-09 10:00:00,66,10,0,0,1,0
2023-10-09 11:00:00,59,11,0,0,1,0
2023-10-09 12:00:00,66,12,0,0,0,0
2023-10-09 13:00:00,77,13,0,0,0,0
2023-10-09 14:00:00,66,14,0,0,0,0
2023-10-09 15:00:00,49,15,0,0,0,0
2023-10-09 16:00:00,40,16,0,0,0,0
2023-10-09 17:00:00,37,17,0,0,0,0
2023-10-09 18:00:00,32,18,0,0,0,0
2023-10-09 19:00:00,28,19,0,0,0,0
2023-10-09 20:00:00,27,20,0,0,0,0
2023-10-09 21:00:00,25,21,0,0,0,0
2023-10-09 22:00:00,21,22,0,0,0,0
2023-10-09 23:00:00,21,23,0,0,0,0
2023-10-10 00:00:00,19,0,1,0,1,0
2023-10-10 01:00:00,17,1,1,0,1,0
2023-10-10 02:00:00,15,2,1,0,1,0
2023-10-10 03:00:00,13,3,1,0,1,0
2023-10-10 04:00:00,12,4,1,0,1,0
2023-10-10 05:00:00,11,5,1,0,1,0
2023-10-10 06:00:00,31,6,1,0,1,0
2023-10-10 07:00:00,68,7,1,0,1,0
2023-10-10 08:00:00,78,8,1,0,1,0
2023-10-10 09:00:00,68,9,1,0,1,0
2023-10-10 10:00:00,58,10,1,0,1,0
2023-10-10 11:00:00,50,11,1,0,1,0
2023-10-10 12:00:00,51,12,1,0,0,0
2023-10-10 13:00:00,65,13,1,0,0,0
2023-10-10 14:00:00,56,14,1,0,0,0
2023-10-10 15:00:00,43,15,1,0,0,0
2023-10-10 16:00:00,43,16,1,0,0,0
2023-10-10 17:00:00,36,17,1,0,0,0
2023-10-10 18:00:00,32,18,1,0,0,0
2023-10-10 19:00:00,28,19,1,0,0,0
2023-10-10 20:00:00,25,20,1,0,0,0
2023-10-10 21:00:00,22,21,1,0,0,0
2023-10-10 22:00:00,20,22,1,0,0,0
2023-10-10 23:00:00,18,23,1,0,0,0
2023-10-11 00:00:00,17,0,2,0,1,0
2023-10-11 01:00:00,16,1,2,0,1,0
2023-10-11 02:00:00,16,2,2,0,1,0
2023-10-11 03:00:00,16,3,2,0,1,0
2023-10-11 04:00:00,14,4,2,0,1,0
2023-10-11 05:00:00,11,5,2,0,1,0
2023-10-11 06:00:00,29,6,2,0,1,0
2023-10-11 07:00:00,67,7,2,0,1,0
2023-10-11 08:00:00,81,8,2,0,1,0
2023-10-11 09:00:00,68,9,2,0,1,0
2023-10-11 10:00:00,60,10,2,0,1,0
2023-10-11 11:00:00,57,11,2,0,1,0
2023-10-11 12:00:00,60,12,2,0,0,0
2023-10-11 13:00:00,73,13,2,0,0,0
2023-10-11 14:00:00,63,14,2,0,0,0
2023-10-11 15:00:00,50,15,2,0,0,0
2023-10-11 16:00:00,45,16,2,0,0,0
2023-10-11 17:00:00,41,17,2,0,0,0
2023-10-11 18:00:00,34,18,2,0,0,0
2023-10-11 19:00:00,28,19,2,0,0,0
2023-10-11 20:00:00,23,20,2,0,0,0
2023-10-11 21:00:00,18,21,2,0,0,0
2023-10-11 22:00:00,18,22,2,0,0,0
2023-10-11 23:00:00,16,23,2,0,0,0
2023-10-12 00:00:00,14,0,3,0,1,0
2023-10-12 01:00:00,14,1,3,0,1,0
2023-10-12 02:00:00,13,2,3,0,1,0
2023-10-12 03:00:00,13,3,3,0,1,0
2023-10-12 04:00:00,11,4,3,0,1,0
2023-10-12 05:00:00,11,5,3,0,1,0
2023-10-12 06:00:00,27,6,3,0,1,0
2023-10-12 07:00:00,62,7,3,0,1,0
2023-10-12 08:00:00,72,8,3,0,1,0
2023-10-12 09:00:00,64,9,3,0,1,0
2023-10-12 10:00:00,55,10,3,0,1,0
2023-10-12 11:00:00,46,11,3,0,1,0
2023-10-12 12:00:00,60,12,3,0,0,0
2023-10-12 13:00:00,77,13,3,0,0,0
2023-10-12 14:00:00,69,14,3,0,0,0
2023-10-12 15:00:00,56,15,3,0,0,0
2023-10-12 16:00:00,47,16,3,0,0,0
2023-10-12 17:00:00,42,17,3,0,0,0
2023-10-12 18:00:00,38,18,3,0,0,0
2023-10-12 19:00:00,31,19,3,0,0,0
2023-10-12 20:00:00,27,20,3,0,0,0
2023-10-12 21:00:00,25,21,3,0,0,0
2023-10-12 22:00:00,21,22,3,0,0,0
2023-10-12 23:00:00,19,23,3,0,0,0
2023-10-13 00:00:00,19,0,4,0,1,0
2023-10-13 01:00:00,17,1,4,0,1,0
2023-10-13 02:00:00,17,2,4,0,1,0
2023-10-13 03:00:00,16,3,4,0,1,0
2023-10-13 04:00:00,14,4,4,0,1,0
2023-10-13 05:00:00,14,5,4,0,1,0
2023-10-13 06:00:00,31,6,4,0,1,0
2023-10-13 07:00:00,64,7,4,0,1,0
2023-10-13 08:00:00,77,8,4,0,1,0
2023-10-13 09:00:00,67,9,4,0,1,0
2023-10-13 10:00:00,58,10,4,0,1,0
2023-10-13 11:00:00,51,11,4,0,1,0
2023-10-13 12:00:00,57,12,4,0,0,0
2023-10-13 13:00:00,69,13,4,0,0,0
2023-10-13 14:00:00,60,14,4,0,0,0
2023-10-13 15:00:00,48,15,4,0,0,0
2023-10-13 16:00:00,40,16,4,0,0,0
2023-10-13 17:00:00,36,17,4,0,0,0
2023-10-13 18:00:00,34,18,4,0,0,0
2023-10-13 19:00:00,30,19,4,0,0,0
2023-10-13 20:00:00,25,20,4,0,0,0
2023-10-13 21:00:00,21,21,4,0,0,0
2023-10-13 22:00:00,21,22,4,0,0,0
2023-10-13 23:00:00,18,23,4,0,0,0
2023-10-14 00:00:00,18,0,5,1,1,0
2023-10-14 01:00:00,18,1,5,1,1,0
2023-10-14 02:00:00,18,2,5,1,1,0
2023-10-14 03:00:00,17,3,5,1,1,0
2023-10-14 04:00:00,16,4,5,1,1,0
2023-10-14 05:00:00,18,5,5,1,1,0
2023-10-14 06:00:00,38,6,5,1,1,0
2023-10-14 07:00:00,79,7,5,1,1,0
2023-10-14 08:00:00,93,8,5,1,1,0
2023-10-14 09:00:00,85,9,5,1,1,0
2023-10-14 10:00:00,74,10,5,1,1,0
2023-10-14 11:00:00,64,11,5,1,1,0
2023-10-14 12:00:00,69,12,5,1,0,0
2023-10-14 13:00:00,84,13,5,1,0,0
2023-10-14 14:00:00,76,14,5,1,0,0
2023-10-14 15:00:00,63,15,5,1,0,0
2023-10-14 16:00:00,55,16,5,1,0,0
2023-10-14 17:00:00,52,17,5,1,0,0
2023-10-14 18:00:00,47,18,5,1,0,0
2023-10-14 19:00:00,43,19,5,1,0,0
2023-10-14 20:00:00,39,20,5,1,0,0
2023-10-14 21:00:00,32,21,5,1,0,0
2023-10-14 22:00:00,28,22,5,1,0,0
2023-10-14 23:00:00,28,23,5,1,0,0
2023-10-15 00:00:00,28,0,6,1,1,0
2023-10-15 01:00:00,26,1,6,1,1,0
2023-10-15 02:00:00,24,2,6,1,1,0
2023-10-15 03:00:00,22,3,6,1,1,0
2023-10-15 04:00:00,21,4,6,1,1,0
2023-10-15 05:00:00,22,5,6,1,1,0
2023-10-15 06:00:00,39,6,6,1,1,0
2023-10-15 07:00:00,67,7,6,1,1,0
2023-10-15 08:00:00,72,8,6,1,1,0
2023-10-15 09:00:00,61,9,6,1,1,0
2023-10-15 10:00:00,55,10,6,1,1,0
2023-10-15 11:00:00,49,11,6,1,1,0
2023-10-15 12:00:00,56,12,6,1,0,0
2023-10-15 13:00:00,78,13,6,1,0,0
2023-10-15 14:00:00,78,14,6,1,0,0
2023-10-15 15:00:00,66,15,6,1,0,0
2023-10-15 16:00:00,57,16,6,1,0,0
2023-10-15 17:00:00,52,17,6,1,0,0
2023-10-15 18:00:00,48,18,6,1,0,0
2023-10-15 19:00:00,41,19,6,1,0,0
2023-10-15 20:00:00,33,20,6,1,0,0
2023-10-15 21:00:00,26,21,6,1,0,0
2023-10-15 22:00:00,22,22,6,1,0,0
2023-10-15 23:00:00,22,23,6,1,0,0
2023-10-16 00:00:00,21,0,0,0,1,0
2023-10-16 01:00:00,21,1,0,0,1,0
2023-10-16 02:00:00,21,2,0,0,1,0
2023-10-16 03:00:00,19,3,0,0,1,0
2023-10-16 04:00:00,19,4,0,0,1,0
2023-10-16 05:00:00,17,5,0,0,1,0
2023-10-16 06:00:00,37,6,0,0,1,0
2023-10-16 07:00:00,69,7,0,0,1,0
2023-10-16 08:00:00,77,8,0,0,1,0
2023-10-16 09:00:00,67,9,0,0,1,0
2023-10-16 10:00:00,60,10,0,0,1,0
2023-10-16 11:00:00,57,11,0,0,1,0
2023-10-16 12:00:00,65,12,0,0,0,0
2023-10-16 13:00:00,81,13,0,0,0,0
2023-10-16 14:00:00,71,14,0,0,0,0
2023-10-16 15:00:00,58,15,0,0,0,0
2023-10-16 16:00:00,49,16,0,0,0,0
2023-10-16 17:00:00,42,17,0,0,0,0
2023-10-16 18:00:00,37,18,0,0,0,0
2023-10-16 19:00:00,32,19,0,0,0,0
2023-10-16 20:00:00,26,20,0,0,0,0
2023-10-16 21:00:00,24,21,0,0,0,0
2023-10-16 22:00:00,22,22,0,0,0,0
2023-10-16 23:00:00,22,23,0,0,0,0
2023-10-17 00:00:00,20,0,1,0,1,0
2023-10-17 01:00:00,20,1,1,0,1,0
2023-10-17 02:00:00,18,2,1,0,1,0
2023-10-17 03:00:00,15,3,1,0,1,0
2023-10-17 04:00:00,13,4,1,0,1,0
2023-10-17 05:00:00,15,5,1,0,1,0
2023-10-17 06:00:00,32,6,1,0,1,0
2023-10-17 07:00:00,66,7,1,0,1,0
2023-10-17 08:00:00,75,8,1,0,1,0
2023-10-17 09:00:00,63,9,1,0,1,0
2023-10-17 10:00:00,52,10,1,0,1,0
2023-10-17 11:00:00,47,11,1,0,1,0
2023-10-17 12:00:00,56,12,1,0,0,0
2023-10-17 13:00:00,67,13,1,0,0,0
2023-10-17 14:00:00,58,14,1,0,0,0
2023-10-17 15:00:00,47,15,1,0,0,0
2023-10-17 16:00:00,40,16,1,0,0,0
2023-10-17 17:00:00,36,17,1,0,0,0
2023-10-17 18:00:00,34,18,1,0,0,0
2023-10-17 19:00:00,30,19,1,0,0,0
2023-10-17 20:00:00,25,20,1,0,0,0
2023-10-17 21:00:00,22,21,1,0,0,0
2023-10-17 22:00:00,19,22,1,0,0,0
2023-10-17 23:00:00,17,23,1,0,0,0
2023-10-18 00:00:00,17,0,2,0,1,0
2023-10-18 01:00:00,17,1,2,0,1,0
2023-10-18 02:00:00,17,2,2,0,1,0
2023-10-18 03:00:00,15,3,2,0,1,0
2023-10-18 04:00:00,15,4,2,0,1,0
2023-10-18 05:00:00,15,5,2,0,1,0
2023-10-18 06:00:00,33,6,2,0,1,0
2023-10-18 07:00:00,66,7,2,0,1,0
2023-10-18 08:00:00,77,8,2,0,1,0
2023-10-18 09:00:00,68,9,2,0,1,0
2023-10-18 10:00:00,61,10,2,0,1,0
2023-10-18 11:00:00,58,11,2,0,1,0
2023-10-18 12:00:00,67,12,2,0,0,0
2023-10-18 13:00:00,82,13,2,0,0,0
2023-10-18 14:00:00,81,14,2,0,0,0
2023-10-18 15:00:00,70,15,2,0,0,0
2023-10-18 16:00:00,58,16,2,0,0,0
2023-10-18 17:00:00,52,17,2,0,0,0
2023-10-18 18:00:00,45,18,2,0,0,0
2023-10-18 19:00:00,40,19,2,0,0,0
2023-10-18 20:00:00,39,20,2,0,0,0
2023-10-18 21:00:00,35,21,2,0,0,0
2023-10-18 22:00:00,31,22,2,0,0,0
2023-10-18 23:00:00,30,23,2,0,0,0
2023-10-19 00:00:00,29,0,3,0,1,0
2023-10-19 01:00:00,27,1,3,0,1,0
2023-10-19 02:00:00,26,2,3,0,1,0
2023-10-19 03:00:00,25,3,3,0,1,0
2023-10-19 04:00:00,22,4,3,0,1,0
2023-10-19 05:00:00,20,5,3,0,1,0
2023-10-19 06:00:00,35,6,3,0,1,0
2023-10-19 07:00:00,68,7,3,0,1,0
2023-10-19 08:00:00,83,8,3,0,1,0
2023-10-19 09:00:00,74,9,3,0,1,0
2023-10-19 10:00:00,64,10,3,0,1,0
2023-10-19 11:00:00,56,11,3,0,1,0
2023-10-19 12:00:00,64,12,3,0,0,0
2023-10-19 13:00:00,84,13,3,0,0,0
2023-10-19 14:00:00,81,14,3,0,0,0
2023-10-19 15:00:00,71,15,3,0,0,0
2023-10-19 16:00:00,63,16,3,0,0,0
2023-10-19 17:00:00,57,17,3,0,0,0
2023-10-19 18:00:00,50,18,3,0,0,0
2023-10-19 19:00:00,43,19,3,0,0,0
2023-10-19 20:00:00,35,20,3,0,0,0
2023-10-19 21:00:00,28,21,3,0,0,0
2023-10-19 22:00:00,25,22,3,0,0,0
2023-10-19 23:00:00,23,23,3,0,0,0
2023-10-20 00:00:00,21,0,4,0,1,0
2023-10-20 01:00:00,20,1,4,0,1,0
2023-10-20 02:00:00,20,2,4,0,1,0
2023-10-20 03:00:00,20,3,4,0,1,0
2023-10-20 04:00:00,18,4,4,0,1,0
2023-10-20 05:00:00,15,5,4,0,1,0
2023-10-20 06:00:00,32,6,4,0,1,0
2023-10-20 07:00:00,69,7,4,0,1,0
2023-10-20 08:00:00,82,8,4,0,1,0
2023-10-20 09:00:00,71,9,4,0,1,0
2023-10-20 10:00:00,63,10,4,0,1,0
2023-10-20 11:00:00,59,11,4,0,1,0
2023-10-20 12:00:00,71,12,4,0,0,0
2023-10-20 13:00:00,78,13,4,0,0,0
2023-10-20 14:00:00,66,14,4,0,0,0
2023-10-20 15:00:00,51,15,4,0,0,0
2023-10-20 16:00:00,43,16,4,0,0,0
2023-10-20 17:00:00,38,17,4,0,0,0
2023-10-20 18:00:00,34,18,4,0,0,0
2023-10-20 19:00:00,31,19,4,0,0,0
2023-10-20 20:00:00,31,20,4,0,0,0
2023-10-20 21:00:00,27,21,4,0,0,0
2023-10-20 22:00:00,24,22,4,0,0,0
2023-10-20 23:00:00,23,23,4,0,0,0
2023-10-21 00:00:00,23,0,5,1,1,0
2023-10-21 01:00:00,22,1,5,1,1,0
2023-10-21 02:00:00,21,2,5,1,1,0
2023-10-21 03:00:00,18,3,5,1,1,0
2023-10-21 04:00:00,16,4,5,1,1,0
2023-10-21 05:00:00,14,5,5,1,1,0
2023-10-21 06:00:00,36,6,5,1,1,0
2023-10-21 07:00:00,77,7,5,1,1,0
2023-10-21 08:00:00,90,8,5,1,1,0
2023-10-21 09:00:00,77,9,5,1,1,0
2023-10-21 10:00:00,65,10,5,1,1,0
2023-10-21 11:00:00,58,11,5,1,1,0
2023-10-21 12:00:00,63,12,5,1,0,0
2023-10-21 13:00:00,74,13,5,1,0,0
2023-10-21 14:00:00,68,14,5,1,0,0
2023-10-21 15:00:00,57,15,5,1,0,0
2023-10-21 16:00:00,48,16,5,1,0,0
2023-10-21 17:00:00,43,17,5,1,0,0
2023-10-21 18:00:00,36,18,5,1,0,0
2023-10-21 19:00:00,31,19,5,1,0,0
2023-10-21 20:00:00,27,20,5,1,0,0
2023-10-21 21:00:00,27,21,5,1,0,0
2023-10-21 22:00:00,24,22,5,1,0,0
2023-10-21 23:00:00,23,23,5,1,0,0
2023-10-22 00:00:00,22,0,6,1,1,0
2023-10-22 01:00:00,21,1,6,1,1,0
2023-10-22 02:00:00,19,2,6,1,1,0
2023-10-22 03:00:00,17,3,6,1,1,0
2023-10-22 04:00:00,15,4,6,1,1,0
2023-10-22 05:00:00,14,5,6,1,1,0
2023-10-22 06:00:00,40,6,6,1,1,0
2023-10-22 07:00:00,82,7,6,1,1,0
2023-10-22 08:00:00,93,8,6,1,1,0
2023-10-22 09:00:00,80,9,6,1,1,0
2023-10-22 10:00:00,66,10,6,1,1,0
2023-10-22 11:00:00,57,11,6,1,1,0
2023-10-22 12:00:00,63,12,6,1,0,0
2023-10-22 13:00:00,72,13,6,1,0,0
2023-10-22 14:00:00,67,14,6,1,0,0
2023-10-22 15:00:00,54,15,6,1,0,0
2023-10-22 16:00:00,44,16,6,1,0,0
2023-10-22 17:00:00,40,17,6,1,0,0
2023-10-22 18:00:00,36,18,6,1,0,0
2023-10-22 19:00:00,33,19,6,1,0,0
2023-10-22 20:00:00,28,20,6,1,0,0
2023-10-22 21:00:00,23,21,6,1,0,0
2023-10-22 22:00:00,23,22,6,1,0,0
2023-10-22 23:00:00,22,23,6,1,0,0
2023-10-23 00:00:00,20,0,0,0,1,0
2023-10-23 01:00:00,19,1,0,0,1,0
2023-10-23 02:00:00,16,2,0,0,1,0
2023-10-23 03:00:00,14,3,0,0,1,0
2023-10-23 04:00:00,12,4,0,0,1,0
2023-10-23 05:00:00,14,5,0,0,1,0
2023-10-23 06:00:00,26,6,0,0,1,0
2023-10-23 07:00:00,52,7,0,0,1,0
2023-10-23 08:00:00,60,8,0,0,1,0
2023-10-23 09:00:00,51,9,0,0,1,0
2023-10-23 10:00:00,43,10,0,0,1,0
2023-10-23 11:00:00,37,11,0,0,1,0
2023-10-23 12:00:00,48,12,0,0,0,0
2023-10-23 13:00:00,67,13,0,0,0,0
2023-10-23 14:00:00,65,14,0,0,0,0
2023-10-23 15:00:00,54,15,0,0,0,0
2023-10-23 16:00:00,45,16,0,0,0,0
2023-10-23 17:00:00,39,17,0,0,0,0
2023-10-23 18:00:00,34,18,0,0,0,0
2023-10-23 19:00:00,30,19,0,0,0,0
2023-10-23 20:00:00,28,20,0,0,0,0
2023-10-23 21:00:00,25,21,0,0,0,0
2023-10-23 22:00:00,22,22,0,0,0,0
2023-10-23 23:00:00,21,23,0,0,0,0
2023-10-24 00:00:00,19,0,1,0,1,0
2023-10-24 01:00:00,18,1,1,0,1,0
2023-10-24 02:00:00,17,2,1,0,1,0
2023-10-24 03:00:00,16,3,1,0,1,0
2023-10-24 04:00:00,16,4,1,0,1,0
2023-10-24 05:00:00,16,5,1,0,1,0
2023-10-24 06:00:00,35,6,1,0,1,0
2023-10-24 07:00:00,71,7,1,0,1,0
2023-10-24 08:00:00,82,8,1,0,1,0
2023-10-24 09:00:00,74,9,1,0,1,0
2023-10-24 10:00:00,65,10,1,0,1,0
2023-10-24 11:00:00,57,11,1,0,1,0
2023-10-24 12:00:00,62,12,1,0,0,0
2023-10-24 13:00:00,74,13,1,0,0,0
2023-10-24 14:00:00,63,14,1,0,0,0
2023-10-24 15:00:00,49,15,1,0,0,0
2023-10-24 16:00:00,42,16,1,0,0,0
2023-10-24 17:00:00,36,17,1,0,0,0
2023-10-24 18:00:00,32,18,1,0,0,0
2023-10-24 19:00:00,26,19,1,0,0,0
2023-10-24 20:00:00,21,20,1,0,0,0
2023-10-24 21:00:00,19,21,1,0,0,0
2023-10-24 22:00:00,19,22,1,0,0,0
2023-10-24 23:00:00,16,23,1,0,0,0
2023-10-25 00:00:00,14,0,2,0,1,0
2023-10-25 01:00:00,12,1,2,0,1,0
2023-10-25 02:00:00,10,2,2,0,1,0
2023-10-25 03:00:00,10,3,2,0,1,0
2023-10-25 04:00:00,7,4,2,0,1,0
2023-10-25 05:00:00,7,5,2,0,1,0
2023-10-25 06:00:00,26,6,2,0,1,0
2023-10-25 07:00:00,65,7,2,0,1,0
2023-10-25 08:00:00,81,8,2,0,1,0
2023-10-25 09:00:00,72,9,2,0,1,0
2023-10-25 10:00:00,63,10,2,0,1,0
2023-10-25 11:00:00,55,11,2,0,1,0
2023-10-25 12:00:00,67,12,2,0,0,0
2023-10-25 13:00:00,81,13,2,0,0,0
2023-10-25 14:00:00,73,14,2,0,0,0
2023-10-25 15:00:00,59,15,2,0,0,0
2023-10-25 16:00:00,50,16,2,0,0,0
2023-10-25 17:00:00,47,17,2,0,0,0
2023-10-25 18:00:00,43,18,2,0,0,0
2023-10-25 19:00:00,37,19,2,0,0,0
2023-10-25 20:00:00,32,20,2,0,0,0
2023-10-25 21:00:00,29,21,2,0,0,0
2023-10-25 22:00:00,29,22,2,0,0,0
2023-10-25 23:00:00,26,23,2,0,0,0
2023-10-26 00:00:00,24,0,3,0,1,0
2023-10-26 01:00:00,21,1,3,0,1,0
2023-10-26 02:00:00,19,2,3,0,1,0
2023-10-26 03:00:00,17,3,3,0,1,0
2023-10-26 04:00:00,17,4,3,0,1,0
2023-10-26 05:00:00,15,5,3,0,1,0
2023-10-26 06:00:00,35,6,3,0,1,0
2023-10-26 07:00:00,71,7,3,0,1,0
2023-10-26 08:00:00,84,8,3,0,1,0
2023-10-26 09:00:00,73,9,3,0,1,0
2023-10-26 10:00:00,62,10,3,0,1,0
2023-10-26 11:00:00,55,11,3,0,1,0
2023-10-26 12:00:00,65,12,3,0,0,0
2023-10-26 13:00:00,79,13,3,0,0,0
2023-10-26 14:00:00,65,14,3,0,0,0
2023-10-26 15:00:00,49,15,3,0,0,0
2023-10-26 16:00:00,41,16,3,0,0,0
2023-10-26 17:00:00,36,17,3,0,0,0
2023-10-26 18:00:00,29,18,3,0,0,0
2023-10-26 19:00:00,25,19,3,0,0,0
2023-10-26 20:00:00,22,20,3,0,0,0
2023-10-26 21:00:00,19,21,3,0,0,0
2023-10-26 22:00:00,15,22,3,0,0,0
2023-10-26 23:00:00,15,23,3,0,0,0
2023-10-27 00:00:00,14,0,4,0,1,0
2023-10-27 01:00:00,14,1,4,0,1,0
2023-10-27 02:00:00,13,2,4,0,1,0
2023-10-27 03:00:00,13,3,4,0,1,0
2023-10-27 04:00:00,12,4,4,0,1,0
2023-10-27 05:00:00,12,5,4,0,1,0
2023-10-27 06:00:00,33,6,4,0,1,0
2023-10-27 07:00:00,78,7,4,0,1,0
2023-10-27 08:00:00,94,8,4,0,1,0
2023-10-27 09:00:00,81,9,4,0,1,0
2023-10-27 10:00:00,70,10,4,0,1,0
2023-10-27 11:00:00,60,11,4,0,1,0
2023-10-27 12:00:00,70,12,4,0,0,0
2023-10-27 13:00:00,83,13,4,0,0,0
2023-10-27 14:00:00,78,14,4,0,0,0
2023-10-27 15:00:00,66,15,4,0,0,0
2023-10-27 16:00:00,57,16,4,0,0,0
2023-10-27 17:00:00,52,17,4,0,0,0
2023-10-27 18:00:00,49,18,4,0,0,0
2023-10-27 19:00:00,46,19,4,0,0,0
2023-10-27 20:00:00,42,20,4,0,0,0
2023-10-27 21:00:00,37,21,4,0,0,0
2023-10-27 22:00:00,33,22,4,0,0,0
2023-10-27 23:00:00,33,23,4,0,0,0
2023-10-28 00:00:00,32,0,5,1,1,0
2023-10-28 01:00:00,30,1,5,1,1,0
2023-10-28 02:00:00,27,2,5,1,1,0
2023-10-28 03:00:00,24,3,5,1,1,0
2023-10-28 04:00:00,23,4,5,1,1,0
2023-10-28 05:00:00,22,5,5,1,1,0
2023-10-28 06:00:00,45,6,5,1,1,0
2023-10-28 07:00:00,88,7,5,1,1,0
2023-10-28 08:00:00,101,8,5,1,1,0
2023-10-28 09:00:00,89,9,5,1,1,0
2023-10-28 10:00:00,78,10,5,1,1,0
2023-10-28 11:00:00,69,11,5,1,1,0
2023-10-28 12:00:00,70,12,5,1,0,0
2023-10-28 13:00:00,85,13,5,1,0,0
2023-10-28 14:00:00,78,14,5,1,0,0
2023-10-28 15:00:00,68,15,5,1,0,0
2023-10-28 16:00:00,60,16,5,1,0,0
2023-10-28 17:00:00,51,17,5,1,0,0
2023-10-28 18:00:00,43,18,5,1,0,0
2023-10-28 19:00:00,40,19,5,1,0,0
2023-10-28 20:00:00,33,20,5,1,0,0
2023-10-28 21:00:00,26,21,5,1,0,0
2023-10-28 22:00:00,24,22,5,1,0,0
2023-10-28 23:00:00,24,23,5,1,0,0
2023-10-29 00:00:00,23,0,6,1,1,0
2023-10-29 01:00:00,21,1,6,1,1,0
2023-10-29 02:00:00,18,2,6,1,1,0
2023-10-29 03:00:00,18,3,6,1,1,0
2023-10-29 04:00:00,16,4,6,1,1,0
2023-10-29 05:00:00,14,5,6,1,1,0
2023-10-29 06:00:00,32,6,6,1,1,0
2023-10-29 07:00:00,75,7,6,1,1,0
2023-10-29 08:00:00,92,8,6,1,1,0
2023-10-29 09:00:00,82,9,6,1,1,0
2023-10-29 10:00:00,72,10,6,1,1,0
2023-10-29 11:00:00,64,11,6,1,1,0
2023-10-29 12:00:00,64,12,6,1,0,0
2023-10-29 13:00:00,72,13,6,1,0,0
2023-10-29 14:00:00,64,14,6,1,0,0
2023-10-29 15:00:00,53,15,6,1,0,0
2023-10-29 16:00:00,47,16,6,1,0,0
2023-10-29 17:00:00,42,17,6,1,0,0
2023-10-29 18:00:00,38,18,6,1,0,0
2023-10-29 19:00:00,33,19,6,1,0,0
2023-10-29 20:00:00,30,20,6,1,0,0
2023-10-29 21:00:00,27,21,6,1,0,0
2023-10-29 22:00:00,23,22,6,1,0,0
2023-10-29 23:00:00,22,23,6,1,0,0
2023-10-30 00:00:00,22,0,0,0,1,0
2023-10-30 01:00:00,21,1,0,0,1,0
2023-10-30 02:00:00,18,2,0,0,1,0
2023-10-30 03:00:00,15,3,0,0,1,0
2023-10-30 04:00:00,15,4,0,0,1,0
2023-10-30 05:00:00,16,5,0,0,1,0
2023-10-30 06:00:00,39,6,0,0,1,0
2023-10-30 07:00:00,78,7,0,0,1,0
2023-10-30 08:00:00,90,8,0,0,1,0
2023-10-30 09:00:00,77,9,0,0,1,0
2023-10-30 10:00:00,63,10,0,0,1,0
2023-10-30 11:00:00,56,11,0,0,1,0
2023-10-30 12:00:00,60,12,0,0,0,0
2023-10-30 13:00:00,72,13,0,0,0,0
2023-10-30 14:00:00,66,14,0,0,0,0
2023-10-30 15:00:00,55,15,0,0,0,0
2023-10-30 16:00:00,46,16,0,0,0,0
2023-10-30 17:00:00,43,17,0,0,0,0
2023-10-30 18:00:00,40,18,0,0,0,0
2023-10-30 19:00:00,37,19,0,0,0,0
2023-10-30 20:00:00,33,20,0,0,0,0
2023-10-30 21:00:00,28,21,0,0,0,0
2023-10-30 22:00:00,24,22,0,0,0,0
2023-10-30 23:00:00,24,23,0,0,0,0
2023-10-31 00:00:00,21,0,1,0,1,0
2023-10-31 01:00:00,20,1,1,0,1,0
2023-10-31 02:00:00,19,2,1,0,1,0
2023-10-31 03:00:00,18,3,1,0,1,0
2023-10-31 04:00:00,17,4,1,0,1,0
2023-10-31 05:00:00,14,5,1,0,1,0
2023-10-31 06:00:00,34,6,1,0,1,0
2023-10-31 07:00:00,72,7,1,0,1,0
2023-10-31 08:00:00,87,8,1,0,1,0
2023-10-31 09:00:00,76,9,1,0,1,0
2023-10-31 10:00:00,65,10,1,0,1,0
2023-10-31 11:00:00,58,11,1,0,1,0
2023-10-31 12:00:00,66,12,1,0,0,0
2023-10-31 13:00:00,87,13,1,0,0,0
2023-10-31 14:00:00,81,14,1,0,0,0
2023-10-31 15:00:00,70,15,1,0,0,0
2023-10-31 16:00:00,58,16,1,0,0,0
2023-10-31 17:00:00,51,17,1,0,0,0
2023-10-31 18:00:00,49,18,1,0,0,0
2023-10-31 19:00:00,43,19,1,0,0,0
2023-10-31 20:00:00,33,20,1,0,0,0
2023-10-31 21:00:00,27,21,1,0,0,0
2023-10-31 22:00:00,24,22,1,0,0,0
2023-10-31 23:00:00,22,23,1,0,0,0
2023-11-01 00:00:00,21,0,2,0,1,0
2023-11-01 01:00:00,19,1,2,0,1,0
2023-11-01 02:00:00,19,2,2,0,1,0
2023-11-01 03:00:00,16,3,2,0,1,0
2023-11-01 04:00:00,16,4,2,0,1,0
2023-11-01 05:00:00,14,5,2,0,1,0
2023-11-01 06:00:00,32,6,2,0,1,0
2023-11-01 07:00:00,68,7,2,0,1,0
2023-11-01 08:00:00,73,8,2,0,1,0
2023-11-01 09:00:00,62,9,2,0,1,0
2023-11-01 10:00:00,55,10,2,0,1,0
2023-11-01 11:00:00,50,11,2,0,1,0
2023-11-01 12:00:00,58,12,2,0,0,0
2023-11-01 13:00:00,77,13,2,0,0,0
2023-11-01 14:00:00,67,14,2,0,0,0
2023-11-01 15:00:00,57,15,2,0,0,0
2023-11-01 16:00:00,48,16,2,0,0,0
2023-11-01 17:00:00,44,17,2,0,0,0
2023-11-01 18:00:00,40,18,2,0,0,0
2023-11-01 19:00:00,35,19,2,0,0,0
2023-11-01 20:00:00,30,20,2,0,0,0
2023-11-01 21:00:00,24,21,2,0,0,0
2023-11-01 22:00:00,21,22,2,0,0,0
2023-11-01 23:00:00,21,23,2,0,0,0
2023-11-02 00:00:00,21,0,3,0,1,0
2023-11-02 01:00:00,21,1,3,0,1,0
2023-11-02 02:00:00,19,2,3,0,1,0
2023-11-02 03:00:00,17,3,3,0,1,0
2023-11-02 04:00:00,16,4,3,0,1,0
2023-11-02 05:00:00,18,5,3,0,1,0
2023-11-02 06:00:00,37,6,3,0,1,0
2023-11-02 07:00:00,72,7,3,0,1,0
2023-11-02 08:00:00,81,8,3,0,1,0
2023-11-02 09:00:00,72,9,3,0,1,0
2023-11-02 10:00:00,64,10,3,0,1,0
2023-11-02 11:00:00,60,11,3,0,1,0
2023-11-02 12:00:00,67,12,3,0,0,0
2023-11-02 13:00:00,77,13,3,0,0,0
2023-11-02 14:00:00,71,14,3,0,0,0
2023-11-02 15:00:00,59,15,3,0,0,0
2023-11-02 16:00:00,49,16,3,0,0,0
2023-11-02 17:00:00,44,17,3,0,0,0
2023-11-02 18:00:00,39,18,3,0,0,0
2023-11-02 19:00:00,33,19,3,0,0,0
2023-11-02 20:00:00,25,20,3,0,0,0
2023-11-02 21:00:00,17,21,3,0,0,0
2023-11-02 22:00:00,14,22,3,0,0,0
2023-11-02 23:00:00,13,23,3,0,0,0
2023-11-03 00:00:00,12,0,4,0,1,0
2023-11-03 01:00:00,12,1,4,0,1,0
2023-11-03 02:00:00,12,2,4,0,1,0
2023-11-03 03:00:00,10,3,4,0,1,0
2023-11-03 04:00:00,10,4,4,0,1,0
2023-11-03 05:00:00,12,5,4,0,1,0
2023-11-03 06:00:00,33,6,4,0,1,0
2023-11-03 07:00:00,69,7,4,0,1,0
2023-11-03 08:00:00,87,8,4,0,1,0
2023-11-03 09:00:00,79,9,4,0,1,0
2023-11-03 10:00:00,71,10,4,0,1,0
2023-11-03 11:00:00,59,11,4,0,1,0
2023-11-03 12:00:00,62,12,4,0,0,0
2023-11-03 13:00:00,71,13,4,0,0,0
2023-11-03 14:00:00,61,14,4,0,0,0
2023-11-03 15:00:00,50,15,4,0,0,0
2023-11-03 16:00:00,43,16,4,0,0,0
2023-11-03 17:00:00,40,17,4,0,0,0
2023-11-03 18:00:00,35,18,4,0,0,0
2023-11-03 19:00:00,29,19,4,0,0,0
2023-11-03 20:00:00,25,20,4,0,0,0
2023-11-03 21:00:00,22,21,4,0,0,0
2023-11-03 22:00:00,19,22,4,0,0,0
2023-11-03 23:00:00,17,23,4,0,0,0
2023-11-04 00:00:00,17,0,5,1,1,0
2023-11-04 01:00:00,17,1,5,1,1,0
2023-11-04 02:00:00,17,2,5,1,1,0
2023-11-04 03:00:00,17,3,5,1,1,0
2023-11-04 04:00:00,16,4,5,1,1,0
2023-11-04 05:00:00,14,5,5,1,1,0
2023-11-04 06:00:00,35,6,5,1,1,0
2023-11-04 07:00:00,72,7,5,1,1,0
2023-11-04 08:00:00,87,8,5,1,1,0
2023-11-04 09:00:00,74,9,5,1,1,0
2023-11-04 10:00:00,62,10,5,1,1,0
2023-11-04 11:00:00,55,11,5,1,1,0
2023-11-04 12:00:00,62,12,5,1,0,0
2023-11-04 13:00:00,74,13,5,1,0,0
2023-11-04 14:00:00,69,14,5,1,0,0
2023-11-04 15:00:00,57,15,5,1,0,0
2023-11-04 16:00:00,49,16,5,1,0,0
2023-11-04 17:00:00,44,17,5,1,0,0
2023-11-04 18:00:00,38,18,5,1,0,0
2023-11-04 19:00:00,33,19,5,1,0,0
2023-11-04 20:00:00,27,20,5,1,0,0
2023-11-04 21:00:00,22,21,5,1,0,0
2023-11-04 22:00:00,20,22,5,1,0,0
2023-11-04 23:00:00,20,23,5,1,0,0
2023-11-05 00:00:00,19,0,6,1,1,0
2023-11-05 01:00:00,18,1,6,1,1,0
2023-11-05 02:00:00,16,2,6,1,1,0
2023-11-05 03:00:00,16,3,6,1,1,0
2023-11-05 04:00:00,16,4,6,1,1,0
2023-11-05 05:00:00,14,5,6,1,1,0
2023-11-05 06:00:00,32,6,6,1,1,0
2023-11-05 07:00:00,70,7,6,1,1,0
2023-11-05 08:00:00,88,8,6,1,1,0
2023-11-05 09:00:00,78,9,6,1,1,0
2023-11-05 10:00:00,70,10,6,1,1,0
2023-11-05 11:00:00,66,11,6,1,1,0
2023-11-05 12:00:00,85,12,6,1,0,0
2023-11-05 13:00:00,98,13,6,1,0,0
2023-11-05 14:00:00,87,14,6,1,0,0
2023-11-05 15:00:00,70,15,6,1,0,0
2023-11-05 16:00:00,57,16,6,1,0,0
2023-11-05 17:00:00,51,17,6,1,0,0
2023-11-05 18:00:00,48,18,6,1,0,0
2023-11-05 19:00:00,46,19,6,1,0,0
2023-11-05 20:00:00,41,20,6,1,0,0
2023-11-05 21:00:00,35,21,6,1,0,0
2023-11-05 22:00:00,32,22,6,1,0,0
2023-11-05 23:00:00,32,23,6,1,0,0
2023-11-06 00:00:00,28,0,0,0,1,0
2023-11-06 01:00:00,24,1,0,0,1,0
2023-11-06 02:00:00,21,2,0,0,1,0
2023-11-06 03:00:00,19,3,0,0,1,0
2023-11-06 04:00:00,19,4,0,0,1,0
2023-11-06 05:00:00,18,5,0,0,1,0
2023-11-06 06:00:00,27,6,0,0,1,0
2023-11-06 07:00:00,54,7,0,0,1,0
2023-11-06 08:00:00,64,8,0,0,1,0
2023-11-06 09:00:00,56,9,0,0,1,0
2023-11-06 10:00:00,49,10,0,0,1,0
2023-11-06 11:00:00,46,11,0,0,1,0
2023-11-06 12:00:00,56,12,0,0,0,0
2023-11-06 13:00:00,71,13,0,0,0,0
2023-11-06 14:00:00,63,14,0,0,0,0
2023-11-06 15:00:00,50,15,0,0,0,0
2023-11-06 16:00:00,43,16,0,0,0,0
2023-11-06 17:00:00,36,17,0,0,0,0
2023-11-06 18:00:00,29,18,0,0,0,0
2023-11-06 19:00:00,24,19,0,0,0,0
2023-11-06 20:00:00,19,20,0,0,0,0
2023-11-06 21:00:00,14,21,0,0,0,0
2023-11-06 22:00:00,14,22,0,0,0,0
2023-11-06 23:00:00,14,23,0,0,0,0
2023-11-07 00:00:00,10,0,1,0,1,0
2023-11-07 01:00:00,8,1,1,0,1,0
2023-11-07 02:00:00,8,2,1,0,1,0
2023-11-07 03:00:00,8,3,1,0,1,0
2023-11-07 04:00:00,8,4,1,0,1,0
2023-11-07 05:00:00,9,5,1,0,1,0
2023-11-07 06:00:00,26,6,1,0,1,0
2023-11-07 07:00:00,59,7,1,0,1,0
2023-11-07 08:00:00,67,8,1,0,1,0
2023-11-07 09:00:00,56,9,1,0,1,0
2023-11-07 10:00:00,48,10,1,0,1,0
2023-11-07 11:00:00,42,11,1,0,1,0
2023-11-07 12:00:00,49,12,1,0,0,0
2023-11-07 13:00:00,64,13,1,0,0,0
2023-11-07 14:00:00,61,14,1,0,0,0
2023-11-07 15:00:00,47,15,1,0,0,0
2023-11-07 16:00:00,35,16,1,0,0,0
2023-11-07 17:00:00,32,17,1,0,0,0
2023-11-07 18:00:00,29,18,1,0,0,0
2023-11-07 19:00:00,27,19,1,0,0,0
2023-11-07 20:00:00,24,20,1,0,0,0
2023-11-07 21:00:00,21,21,1,0,0,0
2023-11-07 22:00:00,21,22,1,0,0,0
2023-11-07 23:00:00,20,23,1,0,0,0
2023-11-08 00:00:00,18,0,2,0,1,0
2023-11-08 01:00:00,16,1,2,0,1,0
2023-11-08 02:00:00,16,2,2,0,1,0
2023-11-08 03:00:00,15,3,2,0,1,0
2023-11-08 04:00:00,13,4,2,0,1,0
2023-11-08 05:00:00,13,5,2,0,1,0
2023-11-08 06:00:00,33,6,2,0,1,0
2023-11-08 07:00:00,64,7,2,0,1,0
2023-11-08 08:00:00,77,8,2,0,1,0
2023-11-08 09:00:00,70,9,2,0,1,0
2023-11-08 10:00:00,62,10,2,0,1,0
2023-11-08 11:00:00,52,11,2,0,1,0
2023-11-08 12:00:00,58,12,2,0,0,0
2023-11-08 13:00:00,76,13,2,0,0,0
2023-11-08 14:00:00,67,14,2,0,0,0
2023-11-08 15:00:00,57,15,2,0,0,0
2023-11-08 16:00:00,49,16,2,0,0,0
2023-11-08 17:00:00,42,17,2,0,0,0
2023-11-08 18:00:00,34,18,2,0,0,0
2023-11-08 19:00:00,27,19,2,0,0,0
2023-11-08 20:00:00,23,20,2,0,0,0
2023-11-08 21:00:00,20,21,2,0,0,0
2023-11-08 22:00:00,20,22,2,0,0,0
2023-11-08 23:00:00,18,23,2,0,0,0
2023-11-09 00:00:00,17,0,3,0,1,0
2023-11-09 01:00:00,17,1,3,0,1,0
2023-11-09 02:00:00,15,2,3,0,1,0
2023-11-09 03:00:00,14,3,3,0,1,0
2023-11-09 04:00:00,12,4,3,0,1,0
2023-11-09 05:00:00,11,5,3,0,1,0
2023-11-09 06:00:00,27,6,3,0,1,0
2023-11-09 07:00:00,62,7,3,0,1,0
2023-11-09 08:00:00,76,8,3,0,1,0
2023-11-09 09:00:00,65,9,3,0,1,0
2023-11-09 10:00:00,53,10,3,0,1,0
2023-11-09 11:00:00,46,11,3,0,1,0
2023-11-09 12:00:00,50,12,3,0,0,0
2023-11-09 13:00:00,61,13,3,0,0,0
2023-11-09 14:00:00,52,14,3,0,0,0
2023-11-09 15:00:00,40,15,3,0,0,0
2023-11-09 16:00:00,34,16,3,0,0,0
2023-11-09 17:00:00,31,17,3,0,0,0
2023-11-09 18:00:00,27,18,3,0,0,0
2023-11-09 19:00:00,23,19,3,0,0,0
2023-11-09 20:00:00,19,20,3,0,0,0
2023-11-09 21:00:00,15,21,3,0,0,0
2023-11-09 22:00:00,13,22,3,0,0,0
2023-11-09 23:00:00,13,23,3,0,0,0
2023-11-10 00:00:00,13,0,4,0,1,0
2023-11-10 01:00:00,11,1,4,0,1,0
2023-11-10 02:00:00,10,2,4,0,1,0
2023-11-10 03:00:00,9,3,4,0,1,0
2023-11-10 04:00:00,8,4,4,0,1,0
2023-11-10 05:00:00,9,5,4,0,1,0
2023-11-10 06:00:00,26,6,4,0,1,0
2023-11-10 07:00:00,67,7,4,0,1,0
2023-11-10 08:00:00,87,8,4,0,1,0
2023-11-10 09:00:00,75,9,4,0,1,0
2023-11-10 10:00:00,65,10,4,0,1,0
2023-11-10 11:00:00,57,11,4,0,1,0
2023-11-10 12:00:00,65,12,4,0,0,0
2023-11-10 13:00:00,74,13,4,0,0,0
2023-11-10 14:00:00,59,14,4,0,0,0
2023-11-10 15:00:00,43,15,4,0,0,0
2023-11-10 16:00:00,36,16,4,0,0,0
2023-11-10 17:00:00,34,17,4,0,0,0
2023-11-10 18:00:00,31,18,4,0,0,0
2023-11-10 19:00:00,25,19,4,0,0,0
2023-11-10 20:00:00,19,20,4,0,0,0
2023-11-10 21:00:00,17,21,4,0,0,0
2023-11-10 22:00:00,16,22,4,0,0,0
2023-11-10 23:00:00,15,23,4,0,0,0
2023-11-11 00:00:00,14,0,5,1,1,0
2023-11-11 01:00:00,13,1,5,1,1,0
2023-11-11 02:00:00,12,2,5,1,1,0
2023-11-11 03:00:00,11,3,5,1,1,0
2023-11-11 04:00:00,11,4,5,1,1,0
2023-11-11 05:00:00,11,5,5,1,1,0
2023-11-11 06:00:00,28,6,5,1,1,0
2023-11-11 07:00:00,68,7,5,1,1,0
2023-11-11 08:00:00,82,8,5,1,1,0
2023-11-11 09:00:00,71,9,5,1,1,0
2023-11-11 10:00:00,60,10,5,1,1,0
2023-11-11 11:00:00,52,11,5,1,1,0
2023-11-11 12:00:00,57,12,5,1,0,0
2023-11-11 13:00:00,71,13,5,1,0,0
2023-11-11 14:00:00,62,14,5,1,0,0
2023-11-11 15:00:00,50,15,5,1,0,0
2023-11-11 16:00:00,40,16,5,1,0,0
2023-11-11 17:00:00,33,17,5,1,0,0
2023-11-11 18:00:00,30,18,5,1,0,0
2023-11-11 19:00:00,27,19,5,1,0,0
2023-11-11 20:00:00,22,20,5,1,0,0
2023-11-11 21:00:00,18,21,5,1,0,0
2023-11-11 22:00:00,16,22,5,1,0,0
2023-11-11 23:00:00,13,23,5,1,0,0
2023-11-12 00:00:00,13,0,6,1,1,0
2023-11-12 01:00:00,11,1,6,1,1,0
2023-11-12 02:00:00,10,2,6,1,1,0
2023-11-12 03:00:00,8,3,6,1,1,0
2023-11-12 04:00:00,6,4,6,1,1,0
2023-11-12 05:00:00,5,5,6,1,1,0
2023-11-12 06:00:00,26,6,6,1,1,0
2023-11-12 07:00:00,63,7,6,1,1,0
2023-11-12 08:00:00,76,8,6,1,1,0
2023-11-12 09:00:00,66,9,6,1,1,0
2023-11-12 10:00:00,56,10,6,1,1,0
2023-11-12 11:00:00,49,11,6,1,1,0
2023-11-12 12:00:00,53,12,6,1,0,0
2023-11-12 13:00:00,68,13,6,1,0,0
2023-11-12 14:00:00,62,14,6,1,0,0
2023-11-12 15:00:00,51,15,6,1,0,0
2023-11-12 16:00:00,43,16,6,1,0,0
2023-11-12 17:00:00,39,17,6,1,0,0
2023-11-12 18:00:00,33,18,6,1,0,0
2023-11-12 19:00:00,29,19,6,1,0,0
2023-11-12 20:00:00,26,20,6,1,0,0
2023-11-12 21:00:00,22,21,6,1,0,0
2023-11-12 22:00:00,18,22,6,1,0,0
2023-11-12 23:00:00,16,23,6,1,0,0
2023-11-13 00:00:00,16,0,0,0,1,0
2023-11-13 01:00:00,15,1,0,0,1,0
2023-11-13 02:00:00,13,2,0,0,1,0
2023-11-13 03:00:00,11,3,0,0,1,0
2023-11-13 04:00:00,10,4,0,0,1,0
2023-11-13 05:00:00,9,5,0,0,1,0
2023-11-13 06:00:00,31,6,0,0,1,0
2023-11-13 07:00:00,69,7,0,0,1,0
2023-11-13 08:00:00,80,8,0,0,1,0
2023-11-13 09:00:00,69,9,0,0,1,0
2023-11-13 10:00:00,59,10,0,0,1,0
2023-11-13 11:00:00,51,11,0,0,1,0
2023-11-13 12:00:00,63,12,0,0,0,0
2023-11-13 13:00:00,83,13,0,0,0,0
2023-11-13 14:00:00,79,14,0,0,0,0
2023-11-13 15:00:00,63,15,0,0,0,0
2023-11-13 16:00:00,54,16,0,0,0,0
2023-11-13 17:00:00,48,17,0,0,0,0
2023-11-13 18:00:00,44,18,0,0,0,0
2023-11-13 19:00:00,38,19,0,0,0,0
2023-11-13 20:00:00,31,20,0,0,0,0
2023-11-13 21:00:00,28,21,0,0,0,0
2023-11-13 22:00:00,26,22,0,0,0,0
2023-11-13 23:00:00,24,23,0,0,0,0
2023-11-14 00:00:00,24,0,1,0,1,0
2023-11-14 01:00:00,23,1,1,0,1,0
2023-11-14 02:00:00,22,2,1,0,1,0
2023-11-14 03:00:00,21,3,1,0,1,0
2023-11-14 04:00:00,19,4,1,0,1,0
2023-11-14 05:00:00,18,5,1,0,1,0
2023-11-14 06:00:00,40,6,1,0,1,0
2023-11-14 07:00:00,78,7,1,0,1,0
2023-11-14 08:00:00,91,8,1,0,1,0
2023-11-14 09:00:00,79,9,1,0,1,0
2023-11-14 10:00:00,66,10,1,0,1,0
2023-11-14 11:00:00,56,11,1,0,1,0
2023-11-14 12:00:00,64,12,1,0,0,0
2023-11-14 13:00:00,80,13,1,0,0,0
2023-11-14 14:00:00,71,14,1,0,0,0
2023-11-14 15:00:00,62,15,1,0,0,0
2023-11-14 16:00:00,55,16,1,0,0,0
2023-11-14 17:00:00,49,17,1,0,0,0
2023-11-14 18:00:00,42,18,1,0,0,0
2023-11-14 19:00:00,37,19,1,0,0,0
2023-11-14 20:00:00,32,20,1,0,0,0
2023-11-14 21:00:00,27,21,1,0,0,0
2023-11-14 22:00:00,27,22,1,0,0,0
2023-11-14 23:00:00,27,23,1,0,0,0
2023-11-15 00:00:00,25,0,2,0,1,0
2023-11-15 01:00:00,23,1,2,0,1,0
2023-11-15 02:00:00,22,2,2,0,1,0
2023-11-15 03:00:00,20,3,2,0,1,0
2023-11-15 04:00:00,19,4,2,0,1,0
2023-11-15 05:00:00,18,5,2,0,1,0
2023-11-15 06:00:00,41,6,2,0,1,0
2023-11-15 07:00:00,83,7,2,0,1,0
2023-11-15 08:00:00,93,8,2,0,1,0
2023-11-15 09:00:00,85,9,2,0,1,0
2023-11-15 10:00:00,78,10,2,0,1,0
2023-11-15 11:00:00,74,11,2,0,1,0
2023-11-15 12:00:00,81,12,2,0,0,0
2023-11-15 13:00:00,96,13,2,0,0,0
2023-11-15 14:00:00,87,14,2,0,0,0
2023-11-15 15:00:00,74,15,2,0,0,0
2023-11-15 16:00:00,65,16,2,0,0,0
2023-11-15 17:00:00,62,17,2,0,0,0
2023-11-15 18:00:00,57,18,2,0,0,0
2023-11-15 19:00:00,50,19,2,0,0,0
2023-11-15 20:00:00,45,20,2,0,0,0
2023-11-15 21:00:00,41,21,2,0,0,0
2023-11-15 22:00:00,39,22,2,0,0,0
2023-11-15 23:00:00,38,23,2,0,0,0
2023-11-16 00:00:00,36,0,3,0,1,0
2023-11-16 01:00:00,32,1,3,0,1,0
2023-11-16 02:00:00,28,2,3,0,1,0
2023-11-16 03:00:00,26,3,3,0,1,0
2023-11-16 04:00:00,24,4,3,0,1,0
2023-11-16 05:00:00,25,5,3,0,1,0
2023-11-16 06:00:00,44,6,3,0,1,0
2023-11-16 07:00:00,89,7,3,0,1,0
2023-11-16 08:00:00,96,8,3,0,1,0
2023-11-16 09:00:00,82,9,3,0,1,0
2023-11-16 10:00:00,72,10,3,0,1,0
2023-11-16 11:00:00,63,11,3,0,1,0
2023-11-16 12:00:00,75,12,3,0,0,0
2023-11-16 13:00:00,98,13,3,0,0,0
2023-11-16 14:00:00,92,14,3,0,0,0
2023-11-16 15:00:00,74,15,3,0,0,0
2023-11-16 16:00:00,63,16,3,0,0,0
2023-11-16 17:00:00,56,17,3,0,0,0
2023-11-16 18:00:00,47,18,3,0,0,0
2023-11-16 19:00:00,38,19,3,0,0,0
2023-11-16 20:00:00,31,20,3,0,0,0
2023-11-16 21:00:00,24,21,3,0,0,0
2023-11-16 22:00:00,24,22,3,0,0,0
2023-11-16 23:00:00,21,23,3,0,0,0
2023-11-17 00:00:00,20,0,4,0,1,0
2023-11-17 01:00:00,20,1,4,0,1,0
2023-11-17 02:00:00,18,2,4,0,1,0
2023-11-17 03:00:00,17,3,4,0,1,0
2023-11-17 04:00:00,15,4,4,0,1,0
2023-11-17 05:00:00,15,5,4,0,1,0
2023-11-17 06:00:00,31,6,4,0,1,0
2023-11-17 07:00:00,69,7,4,0,1,0
2023-11-17 08:00:00,83,8,4,0,1,0
2023-11-17 09:00:00,73,9,4,0,1,0
2023-11-17 10:00:00,64,10,4,0,1,0
2023-11-17 11:00:00,56,11,4,0,1,0
2023-11-17 12:00:00,59,12,4,0,0,0
2023-11-17 13:00:00,72,13,4,0,0,0
2023-11-17 14:00:00,61,14,4,0,0,0
2023-11-17 15:00:00,46,15,4,0,0,0
2023-11-17 16:00:00,40,16,4,0,0,0
2023-11-17 17:00:00,34,17,4,0,0,0
2023-11-17 18:00:00,29,18,4,0,0,0
2023-11-17 19:00:00,27,19,4,0,0,0
2023-11-17 20:00:00,25,20,4,0,0,0
2023-11-17 21:00:00,23,21,4,0,0,0
2023-11-17 22:00:00,23,22,4,0,0,0
2023-11-17 23:00:00,20,23,4,0,0,0
2023-11-18 00:00:00,17,0,5,1,1,0
2023-11-18 01:00:00,15,1,5,1,1,0
2023-11-18 02:00:00,13,2,5,1,1,0
2023-11-18 03:00:00,13,3,5,1,1,0
2023-11-18 04:00:00,12,4,5,1,1,0
2023-11-18 05:00:00,11,5,5,1,1,0
2023-11-18 06:00:00,28,6,5,1,1,0
2023-11-18 07:00:00,62,7,5,1,1,0
2023-11-18 08:00:00,75,8,5,1,1,0
2023-11-18 09:00:00,63,9,5,1,1,0
2023-11-18 10:00:00,51,10,5,1,1,0
2023-11-18 11:00:00,43,11,5,1,1,0
2023-11-18 12:00:00,55,12,5,1,0,0
2023-11-18 13:00:00,79,13,5,1,0,0
2023-11-18 14:00:00,72,14,5,1,0,0
2023-11-18 15:00:00,59,15,5,1,0,0
2023-11-18 16:00:00,50,16,5,1,0,0
2023-11-18 17:00:00,45,17,5,1,0,0
2023-11-18 18:00:00,41,18,5,1,0,0
2023-11-18 19:00:00,36,19,5,1,0,0
2023-11-18 20:00:00,28,20,5,1,0,0
2023-11-18 21:00:00,22,21,5,1,0,0
2023-11-18 22:00:00,22,22,5,1,0,0
2023-11-18 23:00:00,22,23,5,1,0,0
2023-11-19 00:00:00,18,0,6,1,1,0
2023-11-19 01:00:00,16,1,6,1,1,0
2023-11-19 02:00:00,15,2,6,1,1,0
2023-11-19 03:00:00,15,3,6,1,1,0
2023-11-19 04:00:00,13,4,6,1,1,0
2023-11-19 05:00:00,14,5,6,1,1,0
2023-11-19 06:00:00,32,6,6,1,1,0
2023-11-19 07:00:00,73,7,6,1,1,0
2023-11-19 08:00:00,90,8,6,1,1,0
2023-11-19 09:00:00,76,9,6,1,1,0
2023-11-19 10:00:00,65,10,6,1,1,0
2023-11-19 11:00:00,57,11,6,1,1,0
2023-11-19 12:00:00,55,12,6,1,0,0
2023-11-19 13:00:00,70,13,6,1,0,0
2023-11-19 14:00:00,66,14,6,1,0,0
2023-11-19 15:00:00,54,15,6,1,0,0
2023-11-19 16:00:00,45,16,6,1,0,0
2023-11-19 17:00:00,41,17,6,1,0,0
2023-11-19 18:00:00,36,18,6,1,0,0
2023-11-19 19:00:00,31,19,6,1,0,0
2023-11-19 20:00:00,24,20,6,1,0,0
2023-11-19 21:00:00,18,21,6,1,0,0
2023-11-19 22:00:00,15,22,6,1,0,0
2023-11-19 23:00:00,15,23,6,1,0,0
2023-11-20 00:00:00,15,0,0,0,1,0
2023-11-20 01:00:00,13,1,0,0,1,0
2023-11-20 02:00:00,13,2,0,0,1,0
2023-11-20 03:00:00,13,3,0,0,1,0
2023-11-20 04:00:00,13,4,0,0,1,0
2023-11-20 05:00:00,15,5,0,0,1,0
2023-11-20 06:00:00,32,6,0,0,1,0
2023-11-20 07:00:00,72,7,0,0,1,0
2023-11-20 08:00:00,86,8,0,0,1,0
2023-11-20 09:00:00,77,9,0,0,1,0
2023-11-20 10:00:00,65,10,0,0,1,0
2023-11-20 11:00:00,55,11,0,0,1,0
2023-11-20 12:00:00,58,12,0,0,0,0
2023-11-20 13:00:00,68,13,0,0,0,0
2023-11-20 14:00:00,68,14,0,0,0,0
2023-11-20 15:00:00,56,15,0,0,0,0
2023-11-20 16:00:00,48,16,0,0,0,0
2023-11-20 17:00:00,44,17,0,0,0,0
2023-11-20 18:00:00,40,18,0,0,0,0
2023-11-20 19:00:00,35,19,0,0,0,0
2023-11-20 20:00:00,29,20,0,0,0,0
2023-11-20 21:00:00,23,21,0,0,0,0
2023-11-20 22:00:00,23,22,0,0,0,0
2023-11-20 23:00:00,19,23,0,0,0,0
2023-11-21 00:00:00,18,0,1,0,1,0
2023-11-21 01:00:00,17,1,1,0,1,0
2023-11-21 02:00:00,16,2,1,0,1,0
2023-11-21 03:00:00,14,3,1,0,1,0
2023-11-21 04:00:00,12,4,1,0,1,0
2023-11-21 05:00:00,11,5,1,0,1,0
2023-11-21 06:00:00,31,6,1,0,1,0
2023-11-21 07:00:00,76,7,1,0,1,0
2023-11-21 08:00:00,94,8,1,0,1,0
2023-11-21 09:00:00,85,9,1,0,1,0
2023-11-21 10:00:00,76,10,1,0,1,0
2023-11-21 11:00:00,66,11,1,0,1,0
2023-11-21 12:00:00,68,12,1,0,0,0
2023-11-21 13:00:00,86,13,1,0,0,0
2023-11-21 14:00:00,76,14,1,0,0,0
2023-11-21 15:00:00,60,15,1,0,0,0
2023-11-21 16:00:00,51,16,1,0,0,0
2023-11-21 17:00:00,49,17,1,0,0,0
2023-11-21 18:00:00,46,18,1,0,0,0
2023-11-21 19:00:00,40,19,1,0,0,0
2023-11-21 20:00:00,35,20,1,0,0,0
2023-11-21 21:00:00,30,21,1,0,0,0
2023-11-21 22:00:00,26,22,1,0,0,0
2023-11-21 23:00:00,26,23,1,0,0,0
2023-11-22 00:00:00,24,0,2,0,1,0
2023-11-22 01:00:00,22,1,2,0,1,0
2023-11-22 02:00:00,20,2,2,0,1,0
2023-11-22 03:00:00,20,3,2,0,1,0
2023-11-22 04:00:00,19,4,2,0,1,0
2023-11-22 05:00:00,18,5,2,0,1,0
2023-11-22 06:00:00,41,6,2,0,1,0
2023-11-22 07:00:00,76,7,2,0,1,0
2023-11-22 08:00:00,74,8,2,0,1,0
2023-11-22 09:00:00,63,9,2,0,1,0
2023-11-22 10:00:00,53,10,2,0,1,0
2023-11-22 11:00:00,46,11,2,0,1,0
2023-11-22 12:00:00,53,12,2,0,0,0
2023-11-22 13:00:00,66,13,2,0,0,0
2023-11-22 14:00:00,61,14,2,0,0,0
2023-11-22 15:00:00,49,15,2,0,0,0
2023-11-22 16:00:00,40,16,2,0,0,0
2023-11-22 17:00:00,36,17,2,0,0,0
2023-11-22 18:00:00,33,18,2,0,0,0
2023-11-22 19:00:00,28,19,2,0,0,0
2023-11-22 20:00:00,23,20,2,0,0,0
2023-11-22 21:00:00,22,21,2,0,0,0
2023-11-22 22:00:00,20,22,2,0,0,0
2023-11-22 23:00:00,20,23,2,0,0,0
2023-11-23 00:00:00,20,0,3,0,1,0
2023-11-23 01:00:00,19,1,3,0,1,0
2023-11-23 02:00:00,18,2,3,0,1,0
2023-11-23 03:00:00,17,3,3,0,1,0
2023-11-23 04:00:00,15,4,3,0,1,0
2023-11-23 05:00:00,13,5,3,0,1,0
2023-11-23 06:00:00,32,6,3,0,1,0
2023-11-23 07:00:00,70,7,3,0,1,0
2023-11-23 08:00:00,90,8,3,0,1,0
2023-11-23 09:00:00,83,9,3,0,1,0
2023-11-23 10:00:00,75,10,3,0,1,0
2023-11-23 11:00:00,67,11,3,0,1,0
2023-11-23 12:00:00,74,12,3,0,0,0
2023-11-23 13:00:00,88,13,3,0,0,0
2023-11-23 14:00:00,77,14,3,0,0,0
2023-11-23 15:00:00,61,15,3,0,0,0
2023-11-23 16:00:00,49,16,3,0,0,0
2023-11-23 17:00:00,44,17,3,0,0,0
2023-11-23 18:00:00,39,18,3,0,0,0
2023-11-23 19:00:00,35,19,3,0,0,0
2023-11-23 20:00:00,30,20,3,0,0,0
2023-11-23 21:00:00,25,21,3,0,0,0
2023-11-23 22:00:00,21,22,3,0,0,0
2023-11-23 23:00:00,21,23,3,0,0,0
2023-11-24 00:00:00,19,0,4,0,1,0
2023-11-24 01:00:00,17,1,4,0,1,0
2023-11-24 02:00:00,17,2,4,0,1,0
2023-11-24 03:00:00,17,3,4,0,1,0
2023-11-24 04:00:00,15,4,4,0,1,0
2023-11-24 05:00:00,14,5,4,0,1,0
2023-11-24 06:00:00,34,6,4,0,1,0
2023-11-24 07:00:00,69,7,4,0,1,0
2023-11-24 08:00:00,77,8,4,0,1,0
2023-11-24 09:00:00,65,9,4,0,1,0
2023-11-24 10:00:00,58,10,4,0,1,0
2023-11-24 11:00:00,52,11,4,0,1,0
2023-11-24 12:00:00,51,12,4,0,0,0
2023-11-24 13:00:00,69,13,4,0,0,0
2023-11-24 14:00:00,61,14,4,0,0,0
2023-11-24 15:00:00,46,15,4,0,0,0
2023-11-24 16:00:00,37,16,4,0,0,0
2023-11-24 17:00:00,32,17,4,0,0,0
2023-11-24 18:00:00,27,18,4,0,0,0
2023-11-24 19:00:00,23,19,4,0,0,0
2023-11-24 20:00:00,20,20,4,0,0,0
2023-11-24 21:00:00,15,21,4,0,0,0
2023-11-24 22:00:00,12,22,4,0,0,0
2023-11-24 23:00:00,12,23,4,0,0,0
2023-11-25 00:00:00,12,0,5,1,1,0
2023-11-25 01:00:00,10,1,5,1,1,0
2023-11-25 02:00:00,10,2,5,1,1,0
2023-11-25 03:00:00,9,3,5,1,1,0
2023-11-25 04:00:00,9,4,5,1,1,0
2023-11-25 05:00:00,10,5,5,1,1,0
2023-11-25 06:00:00,31,6,5,1,1,0
2023-11-25 07:00:00,75,7,5,1,1,0
2023-11-25 08:00:00,90,8,5,1,1,0
2023-11-25 09:00:00,80,9,5,1,1,0
2023-11-25 10:00:00,68,10,5,1,1,0
2023-11-25 11:00:00,58,11,5,1,1,0
2023-11-25 12:00:00,69,12,5,1,0,0
2023-11-25 13:00:00,83,13,5,1,0,0
2023-11-25 14:00:00,71,14,5,1,0,0
2023-11-25 15:00:00,56,15,5,1,0,0
2023-11-25 16:00:00,43,16,5,1,0,0
2023-11-25 17:00:00,36,17,5,1,0,0
2023-11-25 18:00:00,32,18,5,1,0,0
2023-11-25 19:00:00,28,19,5,1,0,0
2023-11-25 20:00:00,22,20,5,1,0,0
2023-11-25 21:00:00,18,21,5,1,0,0
2023-11-25 22:00:00,15,22,5,1,0,0
2023-11-25 23:00:00,14,23,5,1,0,0
2023-11-26 00:00:00,13,0,6,1,1,0
2023-11-26 01:00:00,13,1,6,1,1,0
2023-11-26 02:00:00,12,2,6,1,1,0
2023-11-26 03:00:00,11,3,6,1,1,0
2023-11-26 04:00:00,9,4,6,1,1,0
2023-11-26 05:00:00,9,5,6,1,1,0
2023-11-26 06:00:00,33,6,6,1,1,0
2023-11-26 07:00:00,79,7,6,1,1,0
2023-11-26 08:00:00,92,8,6,1,1,0
2023-11-26 09:00:00,75,9,6,1,1,0
2023-11-26 10:00:00,64,10,6,1,1,0
2023-11-26 11:00:00,60,11,6,1,1,0
2023-11-26 12:00:00,72,12,6,1,0,0
2023-11-26 13:00:00,89,13,6,1,0,0
2023-11-26 14:00:00,76,14,6,1,0,0
2023-11-26 15:00:00,59,15,6,1,0,0
2023-11-26 16:00:00,51,16,6,1,0,0
2023-11-26 17:00:00,47,17,6,1,0,0
2023-11-26 18:00:00,40,18,6,1,0,0
2023-11-26 19:00:00,36,19,6,1,0,0
2023-11-26 20:00:00,32,20,6,1,0,0
2023-11-26 21:00:00,28,21,6,1,0,0
2023-11-26 22:00:00,27,22,6,1,0,0
2023-11-26 23:00:00,25,23,6,1,0,0
2023-11-27 00:00:00,25,0,0,0,1,0
2023-11-27 01:00:00,23,1,0,0,1,0
2023-11-27 02:00:00,23,2,0,0,1,0
2023-11-27 03:00:00,21,3,0,0,1,0
2023-11-27 04:00:00,21,4,0,0,1,0
2023-11-27 05:00:00,22,5,0,0,1,0
2023-11-27 06:00:00,40,6,0,0,1,0
2023-11-27 07:00:00,76,7,0,0,1,0
2023-11-27 08:00:00,94,8,0,0,1,0
2023-11-27 09:00:00,82,9,0,0,1,0
2023-11-27 10:00:00,73,10,0,0,1,0
2023-11-27 11:00:00,67,11,0,0,1,0
2023-11-27 12:00:00,76,12,0,0,0,0
2023-11-27 13:00:00,92,13,0,0,0,0
2023-11-27 14:00:00,84,14,0,0,0,0
2023-11-27 15:00:00,68,15,0,0,0,0
2023-11-27 16:00:00,60,16,0,0,0,0
2023-11-27 17:00:00,55,17,0,0,0,0
2023-11-27 18:00:00,50,18,0,0,0,0
2023-11-27 19:00:00,46,19,0,0,0,0
2023-11-27 20:00:00,42,20,0,0,0,0
2023-11-27 21:00:00,37,21,0,0,0,0
2023-11-27 22:00:00,34,22,0,0,0,0
2023-11-27 23:00:00,32,23,0,0,0,0
2023-11-28 00:00:00,30,0,1,0,1,0
2023-11-28 01:00:00,28,1,1,0,1,0
2023-11-28 02:00:00,26,2,1,0,1,0
2023-11-28 03:00:00,24,3,1,0,1,0
2023-11-28 04:00:00,24,4,1,0,1,0
2023-11-28 05:00:00,21,5,1,0,1,0
2023-11-28 06:00:00,37,6,1,0,1,0
2023-11-28 07:00:00,78,7,1,0,1,0
2023-11-28 08:00:00,97,8,1,0,1,0
2023-11-28 09:00:00,85,9,1,0,1,0
2023-11-28 10:00:00,75,10,1,0,1,0
2023-11-28 11:00:00,66,11,1,0,1,0
2023-11-28 12:00:00,72,12,1,0,0,0
2023-11-28 13:00:00,92,13,1,0,0,0
2023-11-28 14:00:00,86,14,1,0,0,0
2023-11-28 15:00:00,70,15,1,0,0,0
2023-11-28 16:00:00,57,16,1,0,0,0
2023-11-28 17:00:00,51,17,1,0,0,0
2023-11-28 18:00:00,46,18,1,0,0,0
2023-11-28 19:00:00,41,19,1,0,0,0
2023-11-28 20:00:00,35,20,1,0,0,0
2023-11-28 21:00:00,29,21,1,0,0,0
2023-11-28 22:00:00,29,22,1,0,0,0
2023-11-28 23:00:00,26,23,1,0,0,0
2023-11-29 00:00:00,26,0,2,0,1,0
2023-11-29 01:00:00,24,1,2,0,1,0
2023-11-29 02:00:00,23,2,2,0,1,0
2023-11-29 03:00:00,21,3,2,0,1,0
2023-11-29 04:00:00,20,4,2,0,1,0
2023-11-29 05:00:00,19,5,2,0,1,0
2023-11-29 06:00:00,35,6,2,0,1,0
2023-11-29 07:00:00,70,7,2,0,1,0
2023-11-29 08:00:00,87,8,2,0,1,0
2023-11-29 09:00:00,77,9,2,0,1,0
2023-11-29 10:00:00,66,10,2,0,1,0
2023-11-29 11:00:00,62,11,2,0,1,0
2023-11-29 12:00:00,64,12,2,0,0,0
2023-11-29 13:00:00,87,13,2,0,0,0
2023-11-29 14:00:00,77,14,2,0,0,0
2023-11-29 15:00:00,64,15,2,0,0,0
2023-11-29 16:00:00,57,16,2,0,0,0
2023-11-29 17:00:00,52,17,2,0,0,0
2023-11-29 18:00:00,46,18,2,0,0,0
2023-11-29 19:00:00,37,19,2,0,0,0
2023-11-29 20:00:00,31,20,2,0,0,0
2023-11-29 21:00:00,27,21,2,0,0,0
2023-11-29 22:00:00,27,22,2,0,0,0
2023-11-29 23:00:00,23,23,2,0,0,0
2023-11-30 00:00:00,22,0,3,0,1,0
2023-11-30 01:00:00,21,1,3,0,1,0
2023-11-30 02:00:00,20,2,3,0,1,0
2023-11-30 03:00:00,20,3,3,0,1,0
2023-11-30 04:00:00,18,4,3,0,1,0
2023-11-30 05:00:00,16,5,3,0,1,0
2023-11-30 06:00:00,37,6,3,0,1,0
2023-11-30 07:00:00,81,7,3,0,1,0
2023-11-30 08:00:00,91,8,3,0,1,0
2023-11-30 09:00:00,78,9,3,0,1,0
2023-11-30 10:00:00,66,10,3,0,1,0
2023-11-30 11:00:00,57,11,3,0,1,0
2023-11-30 12:00:00,59,12,3,0,0,0
2023-11-30 13:00:00,70,13,3,0,0,0
2023-11-30 14:00:00,64,14,3,0,0,0
2023-11-30 15:00:00,53,15,3,0,0,0
2023-11-30 16:00:00,43,16,3,0,0,0
2023-11-30 17:00:00,38,17,3,0,0,0
2023-11-30 18:00:00,35,18,3,0,0,0
2023-11-30 19:00:00,30,19,3,0,0,0
2023-11-30 20:00:00,30,20,3,0,0,0
2023-11-30 21:00:00,25,21,3,0,0,0
2023-11-30 22:00:00,23,22,3,0,0,0
2023-11-30 23:00:00,22,23,3,0,0,0
2023-12-01 00:00:00,22,0,4,0,1,0
2023-12-01 01:00:00,20,1,4,0,1,0
2023-12-01 02:00:00,19,2,4,0,1,0
2023-12-01 03:00:00,19,3,4,0,1,0
2023-12-01 04:00:00,17,4,4,0,1,0
2023-12-01 05:00:00,17,5,4,0,1,0
2023-12-01 06:00:00,32,6,4,0,1,0
2023-12-01 07:00:00,71,7,4,0,1,0
2023-12-01 08:00:00,84,8,4,0,1,0
2023-12-01 09:00:00,74,9,4,0,1,0
2023-12-01 10:00:00,62,10,4,0,1,0
2023-12-01 11:00:00,52,11,4,0,1,0
2023-12-01 12:00:00,62,12,4,0,0,0
2023-12-01 13:00:00,76,13,4,0,0,0
2023-12-01 14:00:00,73,14,4,0,0,0
2023-12-01 15:00:00,62,15,4,0,0,0
2023-12-01 16:00:00,55,16,4,0,0,0
2023-12-01 17:00:00,50,17,4,0,0,0
2023-12-01 18:00:00,43,18,4,0,0,0
2023-12-01 19:00:00,37,19,4,0,0,0
2023-12-01 20:00:00,32,20,4,0,0,0
2023-12-01 21:00:00,28,21,4,0,0,0
2023-12-01 22:00:00,28,22,4,0,0,0
2023-12-01 23:00:00,24,23,4,0,0,0
2023-12-02 00:00:00,22,0,5,1,1,0
2023-12-02 01:00:00,22,1,5,1,1,0
2023-12-02 02:00:00,21,2,5,1,1,0
2023-12-02 03:00:00,20,3,5,1,1,0
2023-12-02 04:00:00,20,4,5,1,1,0
2023-12-02 05:00:00,18,5,5,1,1,0
2023-12-02 06:00:00,34,6,5,1,1,0
2023-12-02 07:00:00,69,7,5,1,1,0
2023-12-02 08:00:00,84,8,5,1,1,0
2023-12-02 09:00:00,74,9,5,1,1,0
2023-12-02 10:00:00,63,10,5,1,1,0
2023-12-02 11:00:00,54,11,5,1,1,0
2023-12-02 12:00:00,63,12,5,1,0,0
2023-12-02 13:00:00,78,13,5,1,0,0
2023-12-02 14:00:00,70,14,5,1,0,0
2023-12-02 15:00:00,62,15,5,1,0,0
2023-12-02 16:00:00,55,16,5,1,0,0
2023-12-02 17:00:00,48,17,5,1,0,0
2023-12-02 18:00:00,43,18,5,1,0,0
2023-12-02 19:00:00,40,19,5,1,0,0
2023-12-02 20:00:00,34,20,5,1,0,0
2023-12-02 21:00:00,28,21,5,1,0,0
2023-12-02 22:00:00,26,22,5,1,0,0
2023-12-02 23:00:00,24,23,5,1,0,0
2023-12-03 00:00:00,23,0,6,1,1,0
2023-12-03 01:00:00,23,1,6,1,1,0
2023-12-03 02:00:00,23,2,6,1,1,0
2023-12-03 03:00:00,23,3,6,1,1,0
2023-12-03 04:00:00,20,4,6,1,1,0
2023-12-03 05:00:00,17,5,6,1,1,0
2023-12-03 06:00:00,37,6,6,1,1,0
2023-12-03 07:00:00,84,7,6,1,1,0
2023-12-03 08:00:00,99,8,6,1,1,0
2023-12-03 09:00:00,91,9,6,1,1,0
2023-12-03 10:00:00,83,10,6,1,1,0
2023-12-03 11:00:00,74,11,6,1,1,0
2023-12-03 12:00:00,82,12,6,1,0,0
2023-12-03 13:00:00,95,13,6,1,0,0
2023-12-03 14:00:00,82,14,6,1,0,0
2023-12-03 15:00:00,65,15,6,1,0,0
2023-12-03 16:00:00,55,16,6,1,0,0
2023-12-03 17:00:00,50,17,6,1,0,0
2023-12-03 18:00:00,43,18,6,1,0,0
2023-12-03 19:00:00,37,19,6,1,0,0
2023-12-03 20:00:00,32,20,6,1,0,0
2023-12-03 21:00:00,28,21,6,1,0,0
2023-12-03 22:00:00,25,22,6,1,0,0
2023-12-03 23:00:00,22,23,6,1,0,0
2023-12-04 00:00:00,18,0,0,0,1,0
2023-12-04 01:00:00,16,1,0,0,1,0
2023-12-04 02:00:00,14,2,0,0,1,0
2023-12-04 03:00:00,13,3,0,0,1,0
2023-12-04 04:00:00,12,4,0,0,1,0
2023-12-04 05:00:00,10,5,0,0,1,0
2023-12-04 06:00:00,32,6,0,0,1,0
2023-12-04 07:00:00,77,7,0,0,1,0
2023-12-04 08:00:00,94,8,0,0,1,0
2023-12-04 09:00:00,81,9,0,0,1,0
2023-12-04 10:00:00,67,10,0,0,1,0
2023-12-04 11:00:00,60,11,0,0,1,0
2023-12-04 12:00:00,62,12,0,0,0,0
2023-12-04 13:00:00,76,13,0,0,0,0
2023-12-04 14:00:00,68,14,0,0,0,0
2023-12-04 15:00:00,51,15,0,0,0,0
2023-12-04 16:00:00,44,16,0,0,0,0
2023-12-04 17:00:00,39,17,0,0,0,0
2023-12-04 18:00:00,34,18,0,0,0,0
2023-12-04 19:00:00,30,19,0,0,0,0
2023-12-04 20:00:00,26,20,0,0,0,0
2023-12-04 21:00:00,23,21,0,0,0,0
2023-12-04 22:00:00,23,22,0,0,0,0
2023-12-04 23:00:00,21,23,0,0,0,0
2023-12-05 00:00:00,20,0,1,0,1,0
2023-12-05 01:00:00,20,1,1,0,1,0
2023-12-05 02:00:00,18,2,1,0,1,0
2023-12-05 03:00:00,18,3,1,0,1,0
2023-12-05 04:00:00,16,4,1,0,1,0
2023-12-05 05:00:00,16,5,1,0,1,0
2023-12-05 06:00:00,36,6,1,0,1,0
2023-12-05 07:00:00,73,7,1,0,1,0
2023-12-05 08:00:00,88,8,1,0,1,0
2023-12-05 09:00:00,77,9,1,0,1,0
2023-12-05 10:00:00,67,10,1,0,1,0
2023-12-05 11:00:00,60,11,1,0,1,0
2023-12-05 12:00:00,66,12,1,0,0,0
2023-12-05 13:00:00,80,13,1,0,0,0
2023-12-05 14:00:00,75,14,1,0,0,0
2023-12-05 15:00:00,61,15,1,0,0,0
2023-12-05 16:00:00,51,16,1,0,0,0
2023-12-05 17:00:00,44,17,1,0,0,0
2023-12-05 18:00:00,37,18,1,0,0,0
2023-12-05 19:00:00,30,19,1,0,0,0
2023-12-05 20:00:00,24,20,1,0,0,0
2023-12-05 21:00:00,21,21,1,0,0,0
2023-12-05 22:00:00,18,22,1,0,0,0
2023-12-05 23:00:00,17,23,1,0,0,0
2023-12-06 00:00:00,16,0,2,0,1,0
2023-12-06 01:00:00,16,1,2,0,1,0
2023-12-06 02:00:00,14,2,2,0,1,0
2023-12-06 03:00:00,14,3,2,0,1,0
2023-12-06 04:00:00,12,4,2,0,1,0
2023-12-06 05:00:00,12,5,2,0,1,0
2023-12-06 06:00:00,29,6,2,0,1,0
2023-12-06 07:00:00,66,7,2,0,1,0
2023-12-06 08:00:00,77,8,2,0,1,0
2023-12-06 09:00:00,65,9,2,0,1,0
2023-12-06 10:00:00,54,10,2,0,1,0
2023-12-06 11:00:00,47,11,2,0,1,0
2023-12-06 12:00:00,58,12,2,0,0,0
2023-12-06 13:00:00,69,13,2,0,0,0
2023-12-06 14:00:00,60,14,2,0,0,0
2023-12-06 15:00:00,49,15,2,0,0,0
2023-12-06 16:00:00,38,16,2,0,0,0
2023-12-06 17:00:00,31,17,2,0,0,0
2023-12-06 18:00:00,27,18,2,0,0,0
2023-12-06 19:00:00,23,19,2,0,0,0
2023-12-06 20:00:00,19,20,2,0,0,0
2023-12-06 21:00:00,18,21,2,0,0,0
2023-12-06 22:00:00,18,22,2,0,0,0
2023-12-06 23:00:00,18,23,2,0,0,0
2023-12-07 00:00:00,18,0,3,0,1,0
2023-12-07 01:00:00,17,1,3,0,1,0
2023-12-07 02:00:00,15,2,3,0,1,0
2023-12-07 03:00:00,15,3,3,0,1,0
2023-12-07 04:00:00,15,4,3,0,1,0
2023-12-07 05:00:00,14,5,3,0,1,0
2023-12-07 06:00:00,40,6,3,0,1,0
2023-12-07 07:00:00,86,7,3,0,1,0
2023-12-07 08:00:00,98,8,3,0,1,0
2023-12-07 09:00:00,87,9,3,0,1,0
2023-12-07 10:00:00,78,10,3,0,1,0
2023-12-07 11:00:00,68,11,3,0,1,0
2023-12-07 12:00:00,74,12,3,0,0,0
2023-12-07 13:00:00,89,13,3,0,0,0
2023-12-07 14:00:00,81,14,3,0,0,0
2023-12-07 15:00:00,66,15,3,0,0,0
2023-12-07 16:00:00,56,16,3,0,0,0
2023-12-07 17:00:00,53,17,3,0,0,0
2023-12-07 18:00:00,51,18,3,0,0,0
2023-12-07 19:00:00,43,19,3,0,0,0
2023-12-07 20:00:00,34,20,3,0,0,0
2023-12-07 21:00:00,29,21,3,0,0,0
2023-12-07 22:00:00,26,22,3,0,0,0
2023-12-07 23:00:00,25,23,3,0,0,0
2023-12-08 00:00:00,23,0,4,0,1,0
2023-12-08 01:00:00,23,1,4,0,1,0
2023-12-08 02:00:00,23,2,4,0,1,0
2023-12-08 03:00:00,21,3,4,0,1,0
2023-12-08 04:00:00,18,4,4,0,1,0
2023-12-08 05:00:00,18,5,4,0,1,0
2023-12-08 06:00:00,38,6,4,0,1,0
2023-12-08 07:00:00,72,7,4,0,1,0
2023-12-08 08:00:00,82,8,4,0,1,0
2023-12-08 09:00:00,77,9,4,0,1,0
2023-12-08 10:00:00,71,10,4,0,1,0
2023-12-08 11:00:00,63,11,4,0,1,0
2023-12-08 12:00:00,71,12,4,0,0,0
2023-12-08 13:00:00,86,13,4,0,0,0
2023-12-08 14:00:00,78,14,4,0,0,0
2023-12-08 15:00:00,67,15,4,0,0,0
2023-12-08 16:00:00,58,16,4,0,0,0
2023-12-08 17:00:00,53,17,4,0,0,0
2023-12-08 18:00:00,49,18,4,0,0,0
2023-12-08 19:00:00,46,19,4,0,0,0
2023-12-08 20:00:00,39,20,4,0,0,0
2023-12-08 21:00:00,30,21,4,0,0,0
2023-12-08 22:00:00,27,22,4,0,0,0
2023-12-08 23:00:00,27,23,4,0,0,0
2023-12-09 00:00:00,26,0,5,1,1,0
2023-12-09 01:00:00,25,1,5,1,1,0
2023-12-09 02:00:00,23,2,5,1,1,0
2023-12-09 03:00:00,21,3,5,1,1,0
2023-12-09 04:00:00,20,4,5,1,1,0
2023-12-09 05:00:00,19,5,5,1,1,0
2023-12-09 06:00:00,34,6,5,1,1,0
2023-12-09 07:00:00,66,7,5,1,1,0
2023-12-09 08:00:00,73,8,5,1,1,0
2023-12-09 09:00:00,67,9,5,1,1,0
2023-12-09 10:00:00,60,10,5,1,1,0
2023-12-09 11:00:00,56,11,5,1,1,0
2023-12-09 12:00:00,64,12,5,1,0,0
2023-12-09 13:00:00,79,13,5,1,0,0
2023-12-09 14:00:00,73,14,5,1,0,0
2023-12-09 15:00:00,60,15,5,1,0,0
2023-12-09 16:00:00,51,16,5,1,0,0
2023-12-09 17:00:00,44,17,5,1,0,0
2023-12-09 18:00:00,38,18,5,1,0,0
2023-12-09 19:00:00,33,19,5,1,0,0
2023-12-09 20:00:00,26,20,5,1,0,0
2023-12-09 21:00:00,21,21,5,1,0,0
2023-12-09 22:00:00,21,22,5,1,0,0
2023-12-09 23:00:00,18,23,5,1,0,0
2023-12-10 00:00:00,16,0,6,1,1,0
2023-12-10 01:00:00,15,1,6,1,1,0
2023-12-10 02:00:00,13,2,6,1,1,0
2023-12-10 03:00:00,13,3,6,1,1,0
2023-12-10 04:00:00,13,4,6,1,1,0
2023-12-10 05:00:00,11,5,6,1,1,0
2023-12-10 06:00:00,35,6,6,1,1,0
2023-12-10 07:00:00,75,7,6,1,1,0
2023-12-10 08:00:00,84,8,6,1,1,0
2023-12-10 09:00:00,74,9,6,1,1,0
2023-12-10 10:00:00,68,10,6,1,1,0
2023-12-10 11:00:00,64,11,6,1,1,0
2023-12-10 12:00:00,69,12,6,1,0,0
2023-12-10 13:00:00,82,13,6,1,0,0
2023-12-10 14:00:00,74,14,6,1,0,0
2023-12-10 15:00:00,61,15,6,1,0,0
2023-12-10 16:00:00,52,16,6,1,0,0
2023-12-10 17:00:00,47,17,6,1,0,0
2023-12-10 18:00:00,43,18,6,1,0,0
2023-12-10 19:00:00,39,19,6,1,0,0
2023-12-10 20:00:00,34,20,6,1,0,0
2023-12-10 21:00:00,28,21,6,1,0,0
2023-12-10 22:00:00,25,22,6,1,0,0
2023-12-10 23:00:00,23,23,6,1,0,0
2023-12-11 00:00:00,19,0,0,0,1,1
2023-12-11 01:00:00,19,1,0,0,1,1
2023-12-11 02:00:00,16,2,0,0,1,1
2023-12-11 03:00:00,15,3,0,0,1,1
2023-12-11 04:00:00,14,4,0,0,1,1
2023-12-11 05:00:00,13,5,0,0,1,1
2023-12-11 06:00:00,33,6,0,0,1,1
2023-12-11 07:00:00,76,7,0,0,1,1
2023-12-11 08:00:00,86,8,0,0,1,1
2023-12-11 09:00:00,75,9,0,0,1,1
2023-12-11 10:00:00,65,10,0,0,1,1
2023-12-11 11:00:00,57,11,0,0,1,1
2023-12-11 12:00:00,62,12,0,0,0,1
2023-12-11 13:00:00,72,13,0,0,0,1
2023-12-11 14:00:00,63,14,0,0,0,1
2023-12-11 15:00:00,51,15,0,0,0,1
2023-12-11 16:00:00,43,16,0,0,0,1
2023-12-11 17:00:00,39,17,0,0,0,1
2023-12-11 18:00:00,37,18,0,0,0,1
2023-12-11 19:00:00,33,19,0,0,0,1
2023-12-11 20:00:00,29,20,0,0,0,1
2023-12-11 21:00:00,24,21,0,0,0,1
2023-12-11 22:00:00,20,22,0,0,0,1
2023-12-11 23:00:00,18,23,0,0,0,1
2023-12-12 00:00:00,18,0,1,0,1,1
2023-12-12 01:00:00,17,1,1,0,1,1
2023-12-12 02:00:00,17,2,1,0,1,1
2023-12-12 03:00:00,15,3,1,0,1,1
2023-12-12 04:00:00,15,4,1,0,1,1
2023-12-12 05:00:00,18,5,1,0,1,1
2023-12-12 06:00:00,38,6,1,0,1,1
2023-12-12 07:00:00,73,7,1,0,1,1
2023-12-12 08:00:00,78,8,1,0,1,1
2023-12-12 09:00:00,69,9,1,0,1,1
2023-12-12 10:00:00,60,10,1,0,1,1
2023-12-12 11:00:00,58,11,1,0,1,1
2023-12-12 12:00:00,61,12,1,0,0,1
2023-12-12 13:00:00,73,13,1,0,0,1
2023-12-12 14:00:00,58,14,1,0,0,1
2023-12-12 15:00:00,43,15,1,0,0,1
2023-12-12 16:00:00,35,16,1,0,0,1
2023-12-12 17:00:00,31,17,1,0,0,1
2023-12-12 18:00:00,29,18,1,0,0,1
2023-12-12 19:00:00,26,19,1,0,0,1
2023-12-12 20:00:00,21,20,1,0,0,1
2023-12-12 21:00:00,21,21,1,0,0,1
2023-12-12 22:00:00,17,22,1,0,0,1
2023-12-12 23:00:00,15,23,1,0,0,1
2023-12-13 00:00:00,14,0,2,0,1,1
2023-12-13 01:00:00,13,1,2,0,1,1
2023-12-13 02:00:00,13,2,2,0,1,1
2023-12-13 03:00:00,13,3,2,0,1,1
2023-12-13 04:00:00,13,4,2,0,1,1
2023-12-13 05:00:00,11,5,2,0,1,1
2023-12-13 06:00:00,30,6,2,0,1,1
2023-12-13 07:00:00,65,7,2,0,1,1
2023-12-13 08:00:00,77,8,2,0,1,1
2023-12-13 09:00:00,66,9,2,0,1,1
2023-12-13 10:00:00,57,10,2,0,1,1
2023-12-13 11:00:00,51,11,2,0,1,1
2023-12-13 12:00:00,61,12,2,0,0,1
2023-12-13 13:00:00,81,13,2,0,0,1
2023-12-13 14:00:00,70,14,2,0,0,1
2023-12-13 15:00:00,57,15,2,0,0,1
2023-12-13 16:00:00,49,16,2,0,0,1
2023-12-13 17:00:00,43,17,2,0,0,1
2023-12-13 18:00:00,37,18,2,0,0,1
2023-12-13 19:00:00,33,19,2,0,0,1
2023-12-13 20:00:00,28,20,2,0,0,1
2023-12-13 21:00:00,24,21,2,0,0,1
2023-12-13 22:00:00,24,22,2,0,0,1
2023-12-13 23:00:00,22,23,2,0,0,1
2023-12-14 00:00:00,21,0,3,0,1,1
2023-12-14 01:00:00,20,1,3,0,1,1
2023-12-14 02:00:00,20,2,3,0,1,1
2023-12-14 03:00:00,18,3,3,0,1,1
2023-12-14 04:00:00,16,4,3,0,1,1
2023-12-14 05:00:00,17,5,3,0,1,1
2023-12-14 06:00:00,39,6,3,0,1,1
2023-12-14 07:00:00,74,7,3,0,1,1
2023-12-14 08:00:00,86,8,3,0,1,1
2023-12-14 09:00:00,73,9,3,0,1,1
2023-12-14 10:00:00,63,10,3,0,1,1
2023-12-14 11:00:00,57,11,3,0,1,1
2023-12-14 12:00:00,69,12,3,0,0,1
2023-12-14 13:00:00,82,13,3,0,0,1
2023-12-14 14:00:00,71,14,3,0,0,1
2023-12-14 15:00:00,54,15,3,0,0,1
2023-12-14 16:00:00,45,16,3,0,0,1
2023-12-14 17:00:00,38,17,3,0,0,1
2023-12-14 18:00:00,31,18,3,0,0,1
2023-12-14 19:00:00,28,19,3,0,0,1
2023-12-14 20:00:00,25,20,3,0,0,1
2023-12-14 21:00:00,20,21,3,0,0,1
2023-12-14 22:00:00,20,22,3,0,0,1
2023-12-14 23:00:00,17,23,3,0,0,1
2023-12-15 00:00:00,17,0,4,0,1,1
2023-12-15 01:00:00,17,1,4,0,1,1
2023-12-15 02:00:00,17,2,4,0,1,1
2023-12-15 03:00:00,17,3,4,0,1,1
2023-12-15 04:00:00,16,4,4,0,1,1
2023-12-15 05:00:00,16,5,4,0,1,1
2023-12-15 06:00:00,30,6,4,0,1,1
2023-12-15 07:00:00,60,7,4,0,1,1
2023-12-15 08:00:00,71,8,4,0,1,1
2023-12-15 09:00:00,61,9,4,0,1,1
2023-12-15 10:00:00,51,10,4,0,1,1
2023-12-15 11:00:00,43,11,4,0,1,1
2023-12-15 12:00:00,53,12,4,0,0,1
2023-12-15 13:00:00,62,13,4,0,0,1
2023-12-15 14:00:00,49,14,4,0,0,1
2023-12-15 15:00:00,36,15,4,0,0,1
2023-12-15 16:00:00,30,16,4,0,0,1
2023-12-15 17:00:00,27,17,4,0,0,1
2023-12-15 18:00:00,22,18,4,0,0,1
2023-12-15 19:00:00,17,19,4,0,0,1
2023-12-15 20:00:00,17,20,4,0,0,1
2023-12-15 21:00:00,13,21,4,0,0,1
2023-12-15 22:00:00,9,22,4,0,0,1
2023-12-15 23:00:00,8,23,4,0,0,1
2023-12-16 00:00:00,8,0,5,1,1,1
2023-12-16 01:00:00,8,1,5,1,1,1
2023-12-16 02:00:00,7,2,5,1,1,1
2023-12-16 03:00:00,7,3,5,1,1,1
2023-12-16 04:00:00,7,4,5,1,1,1
2023-12-16 05:00:00,7,5,5,1,1,1
2023-12-16 06:00:00,27,6,5,1,1,1
2023-12-16 07:00:00,59,7,5,1,1,1
2023-12-16 08:00:00,63,8,5,1,1,1
2023-12-16 09:00:00,52,9,5,1,1,1
2023-12-16 10:00:00,41,10,5,1,1,1
2023-12-16 11:00:00,39,11,5,1,1,1
2023-12-16 12:00:00,51,12,5,1,0,1
2023-12-16 13:00:00,67,13,5,1,0,1
2023-12-16 14:00:00,56,14,5,1,0,1
2023-12-16 15:00:00,46,15,5,1,0,1
2023-12-16 16:00:00,41,16,5,1,0,1
2023-12-16 17:00:00,36,17,5,1,0,1
2023-12-16 18:00:00,31,18,5,1,0,1
2023-12-16 19:00:00,26,19,5,1,0,1
2023-12-16 20:00:00,20,20,5,1,0,1
2023-12-16 21:00:00,16,21,5,1,0,1
2023-12-16 22:00:00,14,22,5,1,0,1
2023-12-16 23:00:00,12,23,5,1,0,1
2023-12-17 00:00:00,11,0,6,1,1,1
2023-12-17 01:00:00,10,1,6,1,1,1
2023-12-17 02:00:00,9,2,6,1,1,1
2023-12-17 03:00:00,8,3,6,1,1,1
2023-12-17 04:00:00,6,4,6,1,1,1
2023-12-17 05:00:00,5,5,6,1,1,1
2023-12-17 06:00:00,22,6,6,1,1,1
2023-12-17 07:00:00,61,7,6,1,1,1
2023-12-17 08:00:00,82,8,6,1,1,1
2023-12-17 09:00:00,74,9,6,1,1,1
2023-12-17 10:00:00,65,10,6,1,1,1
2023-12-17 11:00:00,56,11,6,1,1,1
2023-12-17 12:00:00,61,12,6,1,0,1
2023-12-17 13:00:00,70,13,6,1,0,1
2023-12-17 14:00:00,62,14,6,1,0,1
2023-12-17 15:00:00,48,15,6,1,0,1
2023-12-17 16:00:00,38,16,6,1,0,1
2023-12-17 17:00:00,33,17,6,1,0,1
2023-12-17 18:00:00,29,18,6,1,0,1
2023-12-17 19:00:00,26,19,6,1,0,1
2023-12-17 20:00:00,22,20,6,1,0,1
2023-12-17 21:00:00,18,21,6,1,0,1
2023-12-17 22:00:00,18,22,6,1,0,1
2023-12-17 23:00:00,18,23,6,1,0,1
2023-12-18 00:00:00,17,0,0,0,1,1
2023-12-18 01:00:00,15,1,0,0,1,1
2023-12-18 02:00:00,14,2,0,0,1,1
2023-12-18 03:00:00,13,3,0,0,1,1
2023-12-18 04:00:00,11,4,0,0,1,1
2023-12-18 05:00:00,12,5,0,0,1,1
2023-12-18 06:00:00,29,6,0,0,1,1
2023-12-18 07:00:00,66,7,0,0,1,1
2023-12-18 08:00:00,80,8,0,0,1,1
2023-12-18 09:00:00,70,9,0,0,1,1
2023-12-18 10:00:00,60,10,0,0,1,1
2023-12-18 11:00:00,54,11,0,0,1,1
2023-12-18 12:00:00,63,12,0,0,0,1
2023-12-18 13:00:00,78,13,0,0,0,1
2023-12-18 14:00:00,63,14,0,0,0,1
2023-12-18 15:00:00,46,15,0,0,0,1
2023-12-18 16:00:00,38,16,0,0,0,1
2023-12-18 17:00:00,35,17,0,0,0,1
2023-12-18 18:00:00,31,18,0,0,0,1
2023-12-18 19:00:00,26,19,0,0,0,1
2023-12-18 20:00:00,23,20,0,0,0,1
2023-12-18 21:00:00,21,21,0,0,0,1
2023-12-18 22:00:00,20,22,0,0,0,1
2023-12-18 23:00:00,19,23,0,0,0,1
2023-12-19 00:00:00,19,0,1,0,1,1
2023-12-19 01:00:00,17,1,1,0,1,1
2023-12-19 02:00:00,15,2,1,0,1,1
2023-12-19 03:00:00,13,3,1,0,1,1
2023-12-19 04:00:00,13,4,1,0,1,1
2023-12-19 05:00:00,12,5,1,0,1,1
2023-12-19 06:00:00,35,6,1,0,1,1
2023-12-19 07:00:00,77,7,1,0,1,1
2023-12-19 08:00:00,90,8,1,0,1,1
2023-12-19 09:00:00,79,9,1,0,1,1
2023-12-19 10:00:00,69,10,1,0,1,1
2023-12-19 11:00:00,62,11,1,0,1,1
2023-12-19 12:00:00,66,12,1,0,0,1
2023-12-19 13:00:00,83,13,1,0,0,1
2023-12-19 14:00:00,82,14,1,0,0,1
2023-12-19 15:00:00,71,15,1,0,0,1
2023-12-19 16:00:00,64,16,1,0,0,1
2023-12-19 17:00:00,59,17,1,0,0,1
2023-12-19 18:00:00,53,18,1,0,0,1
2023-12-19 19:00:00,47,19,1,0,0,1
2023-12-19 20:00:00,39,20,1,0,0,1
2023-12-19 21:00:00,31,21,1,0,0,1
2023-12-19 22:00:00,27,22,1,0,0,1
2023-12-19 23:00:00,23,23,1,0,0,1
2023-12-20 00:00:00,21,0,2,0,1,1
2023-12-20 01:00:00,19,1,2,0,1,1
2023-12-20 02:00:00,17,2,2,0,1,1
2023-12-20 03:00:00,15,3,2,0,1,1
2023-12-20 04:00:00,14,4,2,0,1,1
2023-12-20 05:00:00,14,5,2,0,1,1
2023-12-20 06:00:00,36,6,2,0,1,1
2023-12-20 07:00:00,76,7,2,0,1,1
2023-12-20 08:00:00,86,8,2,0,1,1
2023-12-20 09:00:00,74,9,2,0,1,1
2023-12-20 10:00:00,64,10,2,0,1,1
2023-12-20 11:00:00,57,11,2,0,1,1
2023-12-20 12:00:00,63,12,2,0,0,1
2023-12-20 13:00:00,73,13,2,0,0,1
2023-12-20 14:00:00,69,14,2,0,0,1
2023-12-20 15:00:00,55,15,2,0,0,1
2023-12-20 16:00:00,43,16,2,0,0,1
2023-12-20 17:00:00,39,17,2,0,0,1
2023-12-20 18:00:00,36,18,2,0,0,1
2023-12-20 19:00:00,32,19,2,0,0,1
2023-12-20 20:00:00,26,20,2,0,0,1
2023-12-20 21:00:00,20,21,2,0,0,1
2023-12-20 22:00:00,20,22,2,0,0,1
2023-12-20 23:00:00,20,23,2,0,0,1
2023-12-21 00:00:00,17,0,3,0,1,1
2023-12-21 01:00:00,17,1,3,0,1,1
2023-12-21 02:00:00,16,2,3,0,1,1
2023-12-21 03:00:00,15,3,3,0,1,1
2023-12-21 04:00:00,15,4,3,0,1,1
2023-12-21 05:00:00,13,5,3,0,1,1
2023-12-21 06:00:00,36,6,3,0,1,1
2023-12-21 07:00:00,77,7,3,0,1,1
2023-12-21 08:00:00,83,8,3,0,1,1
2023-12-21 09:00:00,70,9,3,0,1,1
2023-12-21 10:00:00,59,10,3,0,1,1
2023-12-21 11:00:00,54,11,3,0,1,1
2023-12-21 12:00:00,66,12,3,0,0,1
2023-12-21 13:00:00,90,13,3,0,0,1
2023-12-21 14:00:00,81,14,3,0,0,1
2023-12-21 15:00:00,62,15,3,0,0,1
2023-12-21 16:00:00,48,16,3,0,0,1
2023-12-21 17:00:00,42,17,3,0,0,1
2023-12-21 18:00:00,37,18,3,0,0,1
2023-12-21 19:00:00,32,19,3,0,0,1
2023-12-21 20:00:00,26,20,3,0,0,1
2023-12-21 21:00:00,20,21,3,0,0,1
2023-12-21 22:00:00,20,22,3,0,0,1
2023-12-21 23:00:00,17,23,3,0,0,1
2023-12-22 00:00:00,16,0,4,0,1,1
2023-12-22 01:00:00,14,1,4,0,1,1
2023-12-22 02:00:00,14,2,4,0,1,1
2023-12-22 03:00:00,12,3,4,0,1,1
2023-12-22 04:00:00,10,4,4,0,1,1
2023-12-22 05:00:00,10,5,4,0,1,1
2023-12-22 06:00:00,31,6,4,0,1,1
2023-12-22 07:00:00,71,7,4,0,1,1
2023-12-22 08:00:00,84,8,4,0,1,1
2023-12-22 09:00:00,72,9,4,0,1,1
2023-12-22 10:00:00,59,10,4,0,1,1
2023-12-22 11:00:00,48,11,4,0,1,1
2023-12-22 12:00:00,53,12,4,0,0,1
2023-12-22 13:00:00,73,13,4,0,0,1
2023-12-22 14:00:00,65,14,4,0,0,1
2023-12-22 15:00:00,52,15,4,0,0,1
2023-12-22 16:00:00,45,16,4,0,0,1
2023-12-22 17:00:00,41,17,4,0,0,1
2023-12-22 18:00:00,36,18,4,0,0,1
2023-12-22 19:00:00,32,19,4,0,0,1
2023-12-22 20:00:00,27,20,4,0,0,1
2023-12-22 21:00:00,22,21,4,0,0,1
2023-12-22 22:00:00,20,22,4,0,0,1
2023-12-22 23:00:00,20,23,4,0,0,1
2023-12-23 00:00:00,20,0,5,1,1,1
2023-12-23 01:00:00,20,1,5,1,1,1
2023-12-23 02:00:00,19,2,5,1,1,1
2023-12-23 03:00:00,16,3,5,1,1,1
2023-12-23 04:00:00,13,4,5,1,1,1
2023-12-23 05:00:00,13,5,5,1,1,1
2023-12-23 06:00:00,29,6,5,1,1,1
2023-12-23 07:00:00,63,7,5,1,1,1
2023-12-23 08:00:00,74,8,5,1,1,1
2023-12-23 09:00:00,66,9,5,1,1,1
2023-12-23 10:00:00,55,10,5,1,1,1
2023-12-23 11:00:00,45,11,5,1,1,1
2023-12-23 12:00:00,58,12,5,1,0,1
2023-12-23 13:00:00,73,13,5,1,0,1
2023-12-23 14:00:00,60,14,5,1,0,1
2023-12-23 15:00:00,48,15,5,1,0,1
2023-12-23 16:00:00,43,16,5,1,0,1
2023-12-23 17:00:00,41,17,5,1,0,1
2023-12-23 18:00:00,35,18,5,1,0,1
2023-12-23 19:00:00,28,19,5,1,0,1
2023-12-23 20:00:00,23,20,5,1,0,1
2023-12-23 21:00:00,19,21,5,1,0,1
2023-12-23 22:00:00,19,22,5,1,0,1
2023-12-23 23:00:00,18,23,5,1,0,1
2023-12-24 00:00:00,16,0,6,1,1,1
2023-12-24 01:00:00,14,1,6,1,1,1
2023-12-24 02:00:00,11,2,6,1,1,1
2023-12-24 03:00:00,8,3,6,1,1,1
2023-12-24 04:00:00,8,4,6,1,1,1
2023-12-24 05:00:00,9,5,6,1,1,1
2023-12-24 06:00:00,28,6,6,1,1,1
2023-12-24 07:00:00,62,7,6,1,1,1
2023-12-24 08:00:00,77,8,6,1,1,1
2023-12-24 09:00:00,72,9,6,1,1,1
2023-12-24 10:00:00,64,10,6,1,1,1
2023-12-24 11:00:00,57,11,6,1,1,1
2023-12-24 12:00:00,62,12,6,1,0,1
2023-12-24 13:00:00,75,13,6,1,0,1
2023-12-24 14:00:00,65,14,6,1,0,1
2023-12-24 15:00:00,50,15,6,1,0,1
2023-12-24 16:00:00,42,16,6,1,0,1
2023-12-24 17:00:00,37,17,6,1,0,1
2023-12-24 18:00:00,32,18,6,1,0,1
2023-12-24 19:00:00,27,19,6,1,0,1
2023-12-24 20:00:00,22,20,6,1,0,1
2023-12-24 21:00:00,22,21,6,1,0,1
2023-12-24 22:00:00,22,22,6,1,0,1
2023-12-24 23:00:00,22,23,6,1,0,1
2023-12-25 00:00:00,18,0,0,0,1,1
2023-12-25 01:00:00,15,1,0,0,1,1
2023-12-25 02:00:00,12,2,0,0,1,1
2023-12-25 03:00:00,11,3,0,0,1,1
2023-12-25 04:00:00,10,4,0,0,1,1
2023-12-25 05:00:00,9,5,0,0,1,1
2023-12-25 06:00:00,31,6,0,0,1,1
2023-12-25 07:00:00,75,7,0,0,1,1
2023-12-25 08:00:00,84,8,0,0,1,1
2023-12-25 09:00:00,70,9,0,0,1,1
2023-12-25 10:00:00,59,10,0,0,1,1
2023-12-25 11:00:00,51,11,0,0,1,1
2023-12-25 12:00:00,56,12,0,0,0,1
2023-12-25 13:00:00,71,13,0,0,0,1
2023-12-25 14:00:00,63,14,0,0,0,1
2023-12-25 15:00:00,50,15,0,0,0,1
2023-12-25 16:00:00,39,16,0,0,0,1
2023-12-25 17:00:00,33,17,0,0,0,1
2023-12-25 18:00:00,29,18,0,0,0,1
2023-12-25 19:00:00,26,19,0,0,0,1
2023-12-25 20:00:00,22,20,0,0,0,1
2023-12-25 21:00:00,16,21,0,0,0,1
2023-12-25 22:00:00,16,22,0,0,0,1
2023-12-25 23:00:00,16,23,0,0,0,1
2023-12-26 00:00:00,13,0,1,0,1,1
2023-12-26 01:00:00,13,1,1,0,1,1
2023-12-26 02:00:00,12,2,1,0,1,1
2023-12-26 03:00:00,12,3,1,0,1,1
2023-12-26 04:00:00,12,4,1,0,1,1
2023-12-26 05:00:00,11,5,1,0,1,1
2023-12-26 06:00:00,30,6,1,0,1,1
2023-12-26 07:00:00,63,7,1,0,1,1
2023-12-26 08:00:00,73,8,1,0,1,1
2023-12-26 09:00:00,62,9,1,0,1,1
2023-12-26 10:00:00,53,10,1,0,1,1
2023-12-26 11:00:00,46,11,1,0,1,1
2023-12-26 12:00:00,58,12,1,0,0,1
2023-12-26 13:00:00,68,13,1,0,0,1
2023-12-26 14:00:00,63,14,1,0,0,1
2023-12-26 15:00:00,52,15,1,0,0,1
2023-12-26 16:00:00,44,16,1,0,0,1
2023-12-26 17:00:00,42,17,1,0,0,1
2023-12-26 18:00:00,39,18,1,0,0,1
2023-12-26 19:00:00,35,19,1,0,0,1
2023-12-26 20:00:00,30,20,1,0,0,1
2023-12-26 21:00:00,24,21,1,0,0,1
2023-12-26 22:00:00,21,22,1,0,0,1
2023-12-26 23:00:00,21,23,1,0,0,1
2023-12-27 00:00:00,21,0,2,0,1,1
2023-12-27 01:00:00,20,1,2,0,1,1
2023-12-27 02:00:00,20,2,2,0,1,1
2023-12-27 03:00:00,20,3,2,0,1,1
2023-12-27 04:00:00,19,4,2,0,1,1
2023-12-27 05:00:00,19,5,2,0,1,1
2023-12-27 06:00:00,35,6,2,0,1,1
2023-12-27 07:00:00,73,7,2,0,1,1
2023-12-27 08:00:00,87,8,2,0,1,1
2023-12-27 09:00:00,71,9,2,0,1,1
2023-12-27 10:00:00,61,10,2,0,1,1
2023-12-27 11:00:00,56,11,2,0,1,1
2023-12-27 12:00:00,64,12,2,0,0,1
2023-12-27 13:00:00,75,13,2,0,0,1
2023-12-27 14:00:00,65,14,2,0,0,1
2023-12-27 15:00:00,50,15,2,0,0,1
2023-12-27 16:00:00,38,16,2,0,0,1
2023-12-27 17:00:00,35,17,2,0,0,1
2023-12-27 18:00:00,32,18,2,0,0,1
2023-12-27 19:00:00,27,19,2,0,0,1
2023-12-27 20:00:00,23,20,2,0,0,1
2023-12-27 21:00:00,21,21,2,0,0,1
2023-12-27 22:00:00,21,22,2,0,0,1
2023-12-27 23:00:00,21,23,2,0,0,1
2023-12-28 00:00:00,19,0,3,0,1,1
2023-12-28 01:00:00,17,1,3,0,1,1
2023-12-28 02:00:00,15,2,3,0,1,1
2023-12-28 03:00:00,13,3,3,0,1,1
2023-12-28 04:00:00,13,4,3,0,1,1
2023-12-28 05:00:00,12,5,3,0,1,1
2023-12-28 06:00:00,37,6,3,0,1,1
2023-12-28 07:00:00,76,7,3,0,1,1
2023-12-28 08:00:00,82,8,3,0,1,1
2023-12-28 09:00:00,68,9,3,0,1,1
2023-12-28 10:00:00,60,10,3,0,1,1
2023-12-28 11:00:00,50,11,3,0,1,1
2023-12-28 12:00:00,53,12,3,0,0,1
2023-12-28 13:00:00,65,13,3,0,0,1
2023-12-28 14:00:00,56,14,3,0,0,1
2023-12-28 15:00:00,44,15,3,0,0,1
2023-12-28 16:00:00,38,16,3,0,0,1
2023-12-28 17:00:00,36,17,3,0,0,1
2023-12-28 18:00:00,33,18,3,0,0,1
2023-12-28 19:00:00,27,19,3,0,0,1
2023-12-28 20:00:00,21,20,3,0,0,1
2023-12-28 21:00:00,17,21,3,0,0,1
2023-12-28 22:00:00,16,22,3,0,0,1
2023-12-28 23:00:00,16,23,3,0,0,1
2023-12-29 00:00:00,15,0,4,0,1,1
2023-12-29 01:00:00,15,1,4,0,1,1
2023-12-29 02:00:00,15,2,4,0,1,1
2023-12-29 03:00:00,14,3,4,0,1,1
2023-12-29 04:00:00,13,4,4,0,1,1
2023-12-29 05:00:00,13,5,4,0,1,1
2023-12-29 06:00:00,28,6,4,0,1,1
2023-12-29 07:00:00,60,7,4,0,1,1
2023-12-29 08:00:00,72,8,4,0,1,1
2023-12-29 09:00:00,62,9,4,0,1,1
2023-12-29 10:00:00,53,10,4,0,1,1
2023-12-29 11:00:00,47,11,4,0,1,1
2023-12-29 12:00:00,55,12,4,0,0,1
2023-12-29 13:00:00,69,13,4,0,0,1
2023-12-29 14:00:00,63,14,4,0,0,1
2023-12-29 15:00:00,52,15,4,0,0,1
2023-12-29 16:00:00,45,16,4,0,0,1
2023-12-29 17:00:00,41,17,4,0,0,1
2023-12-29 18:00:00,38,18,4,0,0,1
2023-12-29 19:00:00,33,19,4,0,0,1
2023-12-29 20:00:00,29,20,4,0,0,1
2023-12-29 21:00:00,24,21,4,0,0,1
2023-12-29 22:00:00,24,22,4,0,0,1
2023-12-29 23:00:00,21,23,4,0,0,1
2023-12-30 00:00:00,17,0,5,1,1,1
2023-12-30 01:00:00,14,1,5,1,1,1
2023-12-30 02:00:00,13,2,5,1,1,1
2023-12-30 03:00:00,11,3,5,1,1,1
2023-12-30 04:00:00,9,4,5,1,1,1
2023-12-30 05:00:00,8,5,5,1,1,1
2023-12-30 06:00:00,21,6,5,1,1,1
2023-12-30 07:00:00,53,7,5,1,1,1
2023-12-30 08:00:00,69,8,5,1,1,1
2023-12-30 09:00:00,59,9,5,1,1,1
2023-12-30 10:00:00,49,10,5,1,1,1
2023-12-30 11:00:00,43,11,5,1,1,1
2023-12-30 12:00:00,54,12,5,1,0,1
2023-12-30 13:00:00,73,13,5,1,0,1
2023-12-30 14:00:00,70,14,5,1,0,1
2023-12-30 15:00:00,59,15,5,1,0,1
2023-12-30 16:00:00,46,16,5,1,0,1
2023-12-30 17:00:00,38,17,5,1,0,1
2023-12-30 18:00:00,33,18,5,1,0,1
2023-12-30 19:00:00,30,19,5,1,0,1
2023-12-30 20:00:00,25,20,5,1,0,1
2023-12-30 21:00:00,21,21,5,1,0,1
2023-12-30 22:00:00,20,22,5,1,0,1
2023-12-30 23:00:00,20,23,5,1,0,1
2023-12-31 00:00:00,19,0,6,1,1,1
2023-12-31 01:00:00,18,1,6,1,1,1
2023-12-31 02:00:00,18,2,6,1,1,1
2023-12-31 03:00:00,16,3,6,1,1,1
2023-12-31 04:00:00,15,4,6,1,1,1
2023-12-31 05:00:00,13,5,6,1,1,1
2023-12-31 06:00:00,12,6,6,1,1,1
2023-12-31 07:00:00,12,7,6,1,1,1
2023-12-31 08:00:00,12,8,6,1,1,1
2023-12-31 09:00:00,12,9,6,1,1,1
2023-12-31 10:00:00,12,10,6,1,1,1
2023-12-31 11:00:00,11,11,6,1,1,1
2023-12-31 12:00:00,11,12,6,1,0,1
2023-12-31 13:00:00,11,13,6,1,0,1
2023-12-31 14:00:00,11,14,6,1,0,1
2023-12-31 15:00:00,10,15,6,1,0,1
2023-12-31 16:00:00,10,16,6,1,0,1
2023-12-31 17:00:00,9,17,6,1,0,1
2023-12-31 18:00:00,8,18,6,1,0,1
2023-12-31 19:00:00,8,19,6,1,0,1
2023-12-31 20:00:00,8,20,6,1,0,1
2023-12-31 21:00:00,8,21,6,1,0,1
2023-12-31 22:00:00,8,22,6,1,0,1
2023-12-31 23:00:00,8,23,6,1,0,1
2024-01-01 00:00:00,8,0,0,0,1,0
2024-01-01 01:00:00,8,1,0,0,1,0
2024-01-01 02:00:00,8,2,0,0,1,0
2024-01-01 03:00:00,8,3,0,0,1,0
2024-01-01 04:00:00,8,4,0,0,1,0
2024-01-01 05:00:00,8,5,0,0,1,0
2024-01-01 06:00:00,8,6,0,0,1,0
2024-01-01 07:00:00,8,7,0,0,1,0
2024-01-01 08:00:00,6,8,0,0,1,0
2024-01-01 09:00:00,6,9,0,0,1,0
2024-01-01 10:00:00,6,10,0,0,1,0
2024-01-01 11:00:00,6,11,0,0,1,0
2024-01-01 12:00:00,6,12,0,0,0,0
2024-01-01 13:00:00,6,13,0,0,0,0
2024-01-01 14:00:00,6,14,0,0,0,0
2024-01-01 15:00:00,6,15,0,0,0,0
2024-01-01 16:00:00,6,16,0,0,0,0
2024-01-01 17:00:00,4,17,0,0,0,0
2024-01-01 18:00:00,4,18,0,0,0,0
2024-01-01 19:00:00,4,19,0,0,0,0
2024-01-01 20:00:00,3,20,0,0,0,0
2024-01-01 21:00:00,3,21,0,0,0,0
2024-01-01 22:00:00,3,22,0,0,0,0
2024-01-01 23:00:00,3,23,0,0,0,0
2024-01-02 00:00:00,2,0,1,0,1,0
2024-01-02 01:00:00,0,1,1,0,1,0
